[2026-09-09 09:37:40] local.INFO: Broadcasting [order.created] on channels [private-branch.1.cashier] with payload:
{
    "order_id": 1,
    "branch_id": 1,
    "table_id": 3,
    "status": "pending",
    "total_amount": 22,
    "socket": null
}  
[2026-09-09 09:37:40] local.INFO: Broadcasting [order.created] on channels [private-branch.1.cashier] with payload:
{
    "order_id": 2,
    "branch_id": 1,
    "table_id": 3,
    "status": "pending",
    "total_amount": 22,
    "socket": null
}  
[2026-09-09 09:37:40] local.INFO: Broadcasting [order.created] on channels [private-branch.1.cashier] with payload:
{
    "order_id": 3,
    "branch_id": 1,
    "table_id": 3,
    "status": "pending",
    "total_amount": 22,
    "socket": null
}  
[2026-09-09 09:37:40] local.INFO: Broadcasting [order.created] on channels [private-branch.1.cashier] with payload:
{
    "order_id": 4,
    "branch_id": 1,
    "table_id": 3,
    "status": "pending",
    "total_amount": 31,
    "socket": null
}  
[2026-09-09 09:37:40] local.INFO: Broadcasting [order.created] on channels [private-branch.1.cashier] with payload:
{
    "order_id": 5,
    "branch_id": 1,
    "table_id": 3,
    "status": "pending",
    "total_amount": 25,
    "socket": null
}  
[2026-09-09 09:37:40] local.INFO: Broadcasting [order.created] on channels [private-branch.1.cashier] with payload:
{
    "order_id": 6,
    "branch_id": 1,
    "table_id": 3,
    "status": "pending",
    "total_amount": 54,
    "socket": null
}  
[2026-09-09 09:37:40] local.INFO: Broadcasting [order.created] on channels [private-branch.1.cashier] with payload:
{
    "order_id": 7,
    "branch_id": 1,
    "table_id": 3,
    "status": "pending",
    "total_amount": 22,
    "socket": null
}  
[2026-09-09 09:37:40] local.INFO: Broadcasting [order.created] on channels [private-branch.1.cashier] with payload:
{
    "order_id": 8,
    "branch_id": 1,
    "table_id": 3,
    "status": "pending",
    "total_amount": 25,
    "socket": null
}  
[2026-09-09 09:37:40] local.INFO: Broadcasting [order.created] on channels [private-branch.1.cashier] with payload:
{
    "order_id": 9,
    "branch_id": 1,
    "table_id": null,
    "status": "pending",
    "total_amount": 12,
    "socket": null
}  
[2026-09-09 12:07:59] local.ERROR: Class "App\Models\Category" not found {"exception":"[object] (Error(code: 0): Class \"App\\Models\\Category\" not found at /home/zh-innovation-api-zenchef/htdocs/api.zenchef.zh-innovation.tech/app/Services/MenuBuilderService.php:33)
[stacktrace]
#0 /home/zh-innovation-api-zenchef/htdocs/api.zenchef.zh-innovation.tech/app/Http/Controllers/Api/Menu/OnlineMenuController.php(63): App\\Services\\MenuBuilderService->getCategoriesForBranch()
#1 /home/zh-innovation-api-zenchef/htdocs/api.zenchef.zh-innovation.tech/vendor/laravel/framework/src/Illuminate/Routing/ControllerDispatcher.php(46): App\\Http\\Controllers\\Api\\Menu\\OnlineMenuController->show()
#2 /home/zh-innovation-api-zenchef/htdocs/api.zenchef.zh-innovation.tech/vendor/laravel/framework/src/Illuminate/Routing/Route.php(276): Illuminate\\Routing\\ControllerDispatcher->dispatch()
#3 /home/zh-innovation-api-zenchef/htdocs/api.zenchef.zh-innovation.tech/vendor/laravel/framework/src/Illuminate/Routing/Route.php(216): Illuminate\\Routing\\Route->runController()
#4 /home/zh-innovation-api-zenchef/htdocs/api.zenchef.zh-innovation.tech/vendor/laravel/framework/src/Illuminate/Routing/Router.php(822): Illuminate\\Routing\\Route->run()
#5 /home/zh-innovation-api-zenchef/htdocs/api.zenchef.zh-innovation.tech/vendor/laravel/framework/src/Illuminate/Pipeline/Pipeline.php(180): Illuminate\\Routing\\Router->{closure:Illuminate\\Routing\\Router::runRouteWithinStack():821}()
#6 /home/zh-innovation-api-zenchef/htdocs/api.zenchef.zh-innovation.tech/vendor/laravel/framework/src/Illuminate/Routing/Middleware/SubstituteBindings.php(52): Illuminate\\Pipeline\\Pipeline->{closure:Illuminate\\Pipeline\\Pipeline::prepareDestination():178}()
#7 /home/zh-innovation-api-zenchef/htdocs/api.zenchef.zh-innovation.tech/vendor/laravel/framework/src/Illuminate/Pipeline/Pipeline.php(219): Illuminate\\Routing\\Middleware\\SubstituteBindings->handle()
#8 /home/zh-innovation-api-zenchef/htdocs/api.zenchef.zh-innovation.tech/vendor/laravel/framework/src/Illuminate/Pipeline/Pipeline.php(137): Illuminate\\Pipeline\\Pipeline->{closure:{closure:Illuminate\\Pipeline\\Pipeline::carry():194}:195}()
#9 /home/zh-innovation-api-zenchef/htdocs/api.zenchef.zh-innovation.tech/vendor/laravel/framework/src/Illuminate/Routing/Router.php(821): Illuminate\\Pipeline\\Pipeline->then()
#10 /home/zh-innovation-api-zenchef/htdocs/api.zenchef.zh-innovation.tech/vendor/laravel/framework/src/Illuminate/Routing/Router.php(800): Illuminate\\Routing\\Router->runRouteWithinStack()
#11 /home/zh-innovation-api-zenchef/htdocs/api.zenchef.zh-innovation.tech/vendor/laravel/framework/src/Illuminate/Routing/Router.php(764): Illuminate\\Routing\\Router->runRoute()
#12 /home/zh-innovation-api-zenchef/htdocs/api.zenchef.zh-innovation.tech/vendor/laravel/framework/src/Illuminate/Routing/Router.php(753): Illuminate\\Routing\\Router->dispatchToRoute()
#13 /home/zh-innovation-api-zenchef/htdocs/api.zenchef.zh-innovation.tech/vendor/laravel/framework/src/Illuminate/Foundation/Http/Kernel.php(200): Illuminate\\Routing\\Router->dispatch()
#14 /home/zh-innovation-api-zenchef/htdocs/api.zenchef.zh-innovation.tech/vendor/laravel/framework/src/Illuminate/Pipeline/Pipeline.php(180): Illuminate\\Foundation\\Http\\Kernel->{closure:Illuminate\\Foundation\\Http\\Kernel::dispatchToRouter():197}()
#15 /home/zh-innovation-api-zenchef/htdocs/api.zenchef.zh-innovation.tech/vendor/laravel/framework/src/Illuminate/Foundation/Http/Middleware/TransformsRequest.php(21): Illuminate\\Pipeline\\Pipeline->{closure:Illuminate\\Pipeline\\Pipeline::prepareDestination():178}()
#16 /home/zh-innovation-api-zenchef/htdocs/api.zenchef.zh-innovation.tech/vendor/laravel/framework/src/Illuminate/Foundation/Http/Middleware/ConvertEmptyStringsToNull.php(31): Illuminate\\Foundation\\Http\\Middleware\\TransformsRequest->handle()
#17 /home/zh-innovation-api-zenchef/htdocs/api.zenchef.zh-innovation.tech/vendor/laravel/framework/src/Illuminate/Pipeline/Pipeline.php(219): Illuminate\\Foundation\\Http\\Middleware\\ConvertEmptyStringsToNull->handle()
#18 /home/zh-innovation-api-zenchef/htdocs/api.zenchef.zh-innovation.tech/vendor/laravel/framework/src/Illuminate/Foundation/Http/Middleware/TransformsRequest.php(21): Illuminate\\Pipeline\\Pipeline->{closure:{closure:Illuminate\\Pipeline\\Pipeline::carry():194}:195}()
#19 /home/zh-innovation-api-zenchef/htdocs/api.zenchef.zh-innovation.tech/vendor/laravel/framework/src/Illuminate/Foundation/Http/Middleware/TrimStrings.php(51): Illuminate\\Foundation\\Http\\Middleware\\TransformsRequest->handle()
#20 /home/zh-innovation-api-zenchef/htdocs/api.zenchef.zh-innovation.tech/vendor/laravel/framework/src/Illuminate/Pipeline/Pipeline.php(219): Illuminate\\Foundation\\Http\\Middleware\\TrimStrings->handle()
#21 /home/zh-innovation-api-zenchef/htdocs/api.zenchef.zh-innovation.tech/vendor/laravel/framework/src/Illuminate/Http/Middleware/ValidatePostSize.php(27): Illuminate\\Pipeline\\Pipeline->{closure:{closure:Illuminate\\Pipeline\\Pipeline::carry():194}:195}()
#22 /home/zh-innovation-api-zenchef/htdocs/api.zenchef.zh-innovation.tech/vendor/laravel/framework/src/Illuminate/Pipeline/Pipeline.php(219): Illuminate\\Http\\Middleware\\ValidatePostSize->handle()
#23 /home/zh-innovation-api-zenchef/htdocs/api.zenchef.zh-innovation.tech/vendor/laravel/framework/src/Illuminate/Foundation/Http/Middleware/PreventRequestsDuringMaintenance.php(110): Illuminate\\Pipeline\\Pipeline->{closure:{closure:Illuminate\\Pipeline\\Pipeline::carry():194}:195}()
#24 /home/zh-innovation-api-zenchef/htdocs/api.zenchef.zh-innovation.tech/vendor/laravel/framework/src/Illuminate/Pipeline/Pipeline.php(219): Illuminate\\Foundation\\Http\\Middleware\\PreventRequestsDuringMaintenance->handle()
#25 /home/zh-innovation-api-zenchef/htdocs/api.zenchef.zh-innovation.tech/vendor/laravel/framework/src/Illuminate/Http/Middleware/HandleCors.php(74): Illuminate\\Pipeline\\Pipeline->{closure:{closure:Illuminate\\Pipeline\\Pipeline::carry():194}:195}()
#26 /home/zh-innovation-api-zenchef/htdocs/api.zenchef.zh-innovation.tech/vendor/laravel/framework/src/Illuminate/Pipeline/Pipeline.php(219): Illuminate\\Http\\Middleware\\HandleCors->handle()
#27 /home/zh-innovation-api-zenchef/htdocs/api.zenchef.zh-innovation.tech/vendor/laravel/framework/src/Illuminate/Http/Middleware/TrustProxies.php(58): Illuminate\\Pipeline\\Pipeline->{closure:{closure:Illuminate\\Pipeline\\Pipeline::carry():194}:195}()
#28 /home/zh-innovation-api-zenchef/htdocs/api.zenchef.zh-innovation.tech/vendor/laravel/framework/src/Illuminate/Pipeline/Pipeline.php(219): Illuminate\\Http\\Middleware\\TrustProxies->handle()
#29 /home/zh-innovation-api-zenchef/htdocs/api.zenchef.zh-innovation.tech/vendor/laravel/framework/src/Illuminate/Foundation/Http/Middleware/InvokeDeferredCallbacks.php(22): Illuminate\\Pipeline\\Pipeline->{closure:{closure:Illuminate\\Pipeline\\Pipeline::carry():194}:195}()
#30 /home/zh-innovation-api-zenchef/htdocs/api.zenchef.zh-innovation.tech/vendor/laravel/framework/src/Illuminate/Pipeline/Pipeline.php(219): Illuminate\\Foundation\\Http\\Middleware\\InvokeDeferredCallbacks->handle()
#31 /home/zh-innovation-api-zenchef/htdocs/api.zenchef.zh-innovation.tech/vendor/laravel/framework/src/Illuminate/Http/Middleware/ValidatePathEncoding.php(28): Illuminate\\Pipeline\\Pipeline->{closure:{closure:Illuminate\\Pipeline\\Pipeline::carry():194}:195}()
#32 /home/zh-innovation-api-zenchef/htdocs/api.zenchef.zh-innovation.tech/vendor/laravel/framework/src/Illuminate/Pipeline/Pipeline.php(219): Illuminate\\Http\\Middleware\\ValidatePathEncoding->handle()
#33 /home/zh-innovation-api-zenchef/htdocs/api.zenchef.zh-innovation.tech/vendor/laravel/framework/src/Illuminate/Pipeline/Pipeline.php(137): Illuminate\\Pipeline\\Pipeline->{closure:{closure:Illuminate\\Pipeline\\Pipeline::carry():194}:195}()
#34 /home/zh-innovation-api-zenchef/htdocs/api.zenchef.zh-innovation.tech/vendor/laravel/framework/src/Illuminate/Foundation/Http/Kernel.php(175): Illuminate\\Pipeline\\Pipeline->then()
#35 /home/zh-innovation-api-zenchef/htdocs/api.zenchef.zh-innovation.tech/vendor/laravel/framework/src/Illuminate/Foundation/Http/Kernel.php(144): Illuminate\\Foundation\\Http\\Kernel->sendRequestThroughRouter()
#36 /home/zh-innovation-api-zenchef/htdocs/api.zenchef.zh-innovation.tech/vendor/laravel/framework/src/Illuminate/Foundation/Application.php(1227): Illuminate\\Foundation\\Http\\Kernel->handle()
#37 /home/zh-innovation-api-zenchef/htdocs/api.zenchef.zh-innovation.tech/public/index.php(20): Illuminate\\Foundation\\Application->handleRequest()
#38 {main}
"} 
[2026-09-09 12:08:32] local.ERROR: Class "App\Services\Category" not found {"exception":"[object] (Error(code: 0): Class \"App\\Services\\Category\" not found at /home/zh-innovation-api-zenchef/htdocs/api.zenchef.zh-innovation.tech/app/Services/MenuBuilderService.php:33)
[stacktrace]
#0 /home/zh-innovation-api-zenchef/htdocs/api.zenchef.zh-innovation.tech/app/Http/Controllers/Api/Menu/OnlineMenuController.php(63): App\\Services\\MenuBuilderService->getCategoriesForBranch()
#1 /home/zh-innovation-api-zenchef/htdocs/api.zenchef.zh-innovation.tech/vendor/laravel/framework/src/Illuminate/Routing/ControllerDispatcher.php(46): App\\Http\\Controllers\\Api\\Menu\\OnlineMenuController->show()
#2 /home/zh-innovation-api-zenchef/htdocs/api.zenchef.zh-innovation.tech/vendor/laravel/framework/src/Illuminate/Routing/Route.php(276): Illuminate\\Routing\\ControllerDispatcher->dispatch()
#3 /home/zh-innovation-api-zenchef/htdocs/api.zenchef.zh-innovation.tech/vendor/laravel/framework/src/Illuminate/Routing/Route.php(216): Illuminate\\Routing\\Route->runController()
#4 /home/zh-innovation-api-zenchef/htdocs/api.zenchef.zh-innovation.tech/vendor/laravel/framework/src/Illuminate/Routing/Router.php(822): Illuminate\\Routing\\Route->run()
#5 /home/zh-innovation-api-zenchef/htdocs/api.zenchef.zh-innovation.tech/vendor/laravel/framework/src/Illuminate/Pipeline/Pipeline.php(180): Illuminate\\Routing\\Router->{closure:Illuminate\\Routing\\Router::runRouteWithinStack():821}()
#6 /home/zh-innovation-api-zenchef/htdocs/api.zenchef.zh-innovation.tech/vendor/laravel/framework/src/Illuminate/Routing/Middleware/SubstituteBindings.php(52): Illuminate\\Pipeline\\Pipeline->{closure:Illuminate\\Pipeline\\Pipeline::prepareDestination():178}()
#7 /home/zh-innovation-api-zenchef/htdocs/api.zenchef.zh-innovation.tech/vendor/laravel/framework/src/Illuminate/Pipeline/Pipeline.php(219): Illuminate\\Routing\\Middleware\\SubstituteBindings->handle()
#8 /home/zh-innovation-api-zenchef/htdocs/api.zenchef.zh-innovation.tech/vendor/laravel/framework/src/Illuminate/Pipeline/Pipeline.php(137): Illuminate\\Pipeline\\Pipeline->{closure:{closure:Illuminate\\Pipeline\\Pipeline::carry():194}:195}()
#9 /home/zh-innovation-api-zenchef/htdocs/api.zenchef.zh-innovation.tech/vendor/laravel/framework/src/Illuminate/Routing/Router.php(821): Illuminate\\Pipeline\\Pipeline->then()
#10 /home/zh-innovation-api-zenchef/htdocs/api.zenchef.zh-innovation.tech/vendor/laravel/framework/src/Illuminate/Routing/Router.php(800): Illuminate\\Routing\\Router->runRouteWithinStack()
#11 /home/zh-innovation-api-zenchef/htdocs/api.zenchef.zh-innovation.tech/vendor/laravel/framework/src/Illuminate/Routing/Router.php(764): Illuminate\\Routing\\Router->runRoute()
#12 /home/zh-innovation-api-zenchef/htdocs/api.zenchef.zh-innovation.tech/vendor/laravel/framework/src/Illuminate/Routing/Router.php(753): Illuminate\\Routing\\Router->dispatchToRoute()
#13 /home/zh-innovation-api-zenchef/htdocs/api.zenchef.zh-innovation.tech/vendor/laravel/framework/src/Illuminate/Foundation/Http/Kernel.php(200): Illuminate\\Routing\\Router->dispatch()
#14 /home/zh-innovation-api-zenchef/htdocs/api.zenchef.zh-innovation.tech/vendor/laravel/framework/src/Illuminate/Pipeline/Pipeline.php(180): Illuminate\\Foundation\\Http\\Kernel->{closure:Illuminate\\Foundation\\Http\\Kernel::dispatchToRouter():197}()
#15 /home/zh-innovation-api-zenchef/htdocs/api.zenchef.zh-innovation.tech/vendor/laravel/framework/src/Illuminate/Foundation/Http/Middleware/TransformsRequest.php(21): Illuminate\\Pipeline\\Pipeline->{closure:Illuminate\\Pipeline\\Pipeline::prepareDestination():178}()
#16 /home/zh-innovation-api-zenchef/htdocs/api.zenchef.zh-innovation.tech/vendor/laravel/framework/src/Illuminate/Foundation/Http/Middleware/ConvertEmptyStringsToNull.php(31): Illuminate\\Foundation\\Http\\Middleware\\TransformsRequest->handle()
#17 /home/zh-innovation-api-zenchef/htdocs/api.zenchef.zh-innovation.tech/vendor/laravel/framework/src/Illuminate/Pipeline/Pipeline.php(219): Illuminate\\Foundation\\Http\\Middleware\\ConvertEmptyStringsToNull->handle()
#18 /home/zh-innovation-api-zenchef/htdocs/api.zenchef.zh-innovation.tech/vendor/laravel/framework/src/Illuminate/Foundation/Http/Middleware/TransformsRequest.php(21): Illuminate\\Pipeline\\Pipeline->{closure:{closure:Illuminate\\Pipeline\\Pipeline::carry():194}:195}()
#19 /home/zh-innovation-api-zenchef/htdocs/api.zenchef.zh-innovation.tech/vendor/laravel/framework/src/Illuminate/Foundation/Http/Middleware/TrimStrings.php(51): Illuminate\\Foundation\\Http\\Middleware\\TransformsRequest->handle()
#20 /home/zh-innovation-api-zenchef/htdocs/api.zenchef.zh-innovation.tech/vendor/laravel/framework/src/Illuminate/Pipeline/Pipeline.php(219): Illuminate\\Foundation\\Http\\Middleware\\TrimStrings->handle()
#21 /home/zh-innovation-api-zenchef/htdocs/api.zenchef.zh-innovation.tech/vendor/laravel/framework/src/Illuminate/Http/Middleware/ValidatePostSize.php(27): Illuminate\\Pipeline\\Pipeline->{closure:{closure:Illuminate\\Pipeline\\Pipeline::carry():194}:195}()
#22 /home/zh-innovation-api-zenchef/htdocs/api.zenchef.zh-innovation.tech/vendor/laravel/framework/src/Illuminate/Pipeline/Pipeline.php(219): Illuminate\\Http\\Middleware\\ValidatePostSize->handle()
#23 /home/zh-innovation-api-zenchef/htdocs/api.zenchef.zh-innovation.tech/vendor/laravel/framework/src/Illuminate/Foundation/Http/Middleware/PreventRequestsDuringMaintenance.php(110): Illuminate\\Pipeline\\Pipeline->{closure:{closure:Illuminate\\Pipeline\\Pipeline::carry():194}:195}()
#24 /home/zh-innovation-api-zenchef/htdocs/api.zenchef.zh-innovation.tech/vendor/laravel/framework/src/Illuminate/Pipeline/Pipeline.php(219): Illuminate\\Foundation\\Http\\Middleware\\PreventRequestsDuringMaintenance->handle()
#25 /home/zh-innovation-api-zenchef/htdocs/api.zenchef.zh-innovation.tech/vendor/laravel/framework/src/Illuminate/Http/Middleware/HandleCors.php(74): Illuminate\\Pipeline\\Pipeline->{closure:{closure:Illuminate\\Pipeline\\Pipeline::carry():194}:195}()
#26 /home/zh-innovation-api-zenchef/htdocs/api.zenchef.zh-innovation.tech/vendor/laravel/framework/src/Illuminate/Pipeline/Pipeline.php(219): Illuminate\\Http\\Middleware\\HandleCors->handle()
#27 /home/zh-innovation-api-zenchef/htdocs/api.zenchef.zh-innovation.tech/vendor/laravel/framework/src/Illuminate/Http/Middleware/TrustProxies.php(58): Illuminate\\Pipeline\\Pipeline->{closure:{closure:Illuminate\\Pipeline\\Pipeline::carry():194}:195}()
#28 /home/zh-innovation-api-zenchef/htdocs/api.zenchef.zh-innovation.tech/vendor/laravel/framework/src/Illuminate/Pipeline/Pipeline.php(219): Illuminate\\Http\\Middleware\\TrustProxies->handle()
#29 /home/zh-innovation-api-zenchef/htdocs/api.zenchef.zh-innovation.tech/vendor/laravel/framework/src/Illuminate/Foundation/Http/Middleware/InvokeDeferredCallbacks.php(22): Illuminate\\Pipeline\\Pipeline->{closure:{closure:Illuminate\\Pipeline\\Pipeline::carry():194}:195}()
#30 /home/zh-innovation-api-zenchef/htdocs/api.zenchef.zh-innovation.tech/vendor/laravel/framework/src/Illuminate/Pipeline/Pipeline.php(219): Illuminate\\Foundation\\Http\\Middleware\\InvokeDeferredCallbacks->handle()
#31 /home/zh-innovation-api-zenchef/htdocs/api.zenchef.zh-innovation.tech/vendor/laravel/framework/src/Illuminate/Http/Middleware/ValidatePathEncoding.php(28): Illuminate\\Pipeline\\Pipeline->{closure:{closure:Illuminate\\Pipeline\\Pipeline::carry():194}:195}()
#32 /home/zh-innovation-api-zenchef/htdocs/api.zenchef.zh-innovation.tech/vendor/laravel/framework/src/Illuminate/Pipeline/Pipeline.php(219): Illuminate\\Http\\Middleware\\ValidatePathEncoding->handle()
#33 /home/zh-innovation-api-zenchef/htdocs/api.zenchef.zh-innovation.tech/vendor/laravel/framework/src/Illuminate/Pipeline/Pipeline.php(137): Illuminate\\Pipeline\\Pipeline->{closure:{closure:Illuminate\\Pipeline\\Pipeline::carry():194}:195}()
#34 /home/zh-innovation-api-zenchef/htdocs/api.zenchef.zh-innovation.tech/vendor/laravel/framework/src/Illuminate/Foundation/Http/Kernel.php(175): Illuminate\\Pipeline\\Pipeline->then()
#35 /home/zh-innovation-api-zenchef/htdocs/api.zenchef.zh-innovation.tech/vendor/laravel/framework/src/Illuminate/Foundation/Http/Kernel.php(144): Illuminate\\Foundation\\Http\\Kernel->sendRequestThroughRouter()
#36 /home/zh-innovation-api-zenchef/htdocs/api.zenchef.zh-innovation.tech/vendor/laravel/framework/src/Illuminate/Foundation/Application.php(1227): Illuminate\\Foundation\\Http\\Kernel->handle()
#37 /home/zh-innovation-api-zenchef/htdocs/api.zenchef.zh-innovation.tech/public/index.php(20): Illuminate\\Foundation\\Application->handleRequest()
#38 {main}
"} 
[2026-09-10 07:59:00] local.ERROR: Route [login] not defined. {"exception":"[object] (Symfony\\Component\\Routing\\Exception\\RouteNotFoundException(code: 0): Route [login] not defined. at /home/zh-innovation-api-zenchef/htdocs/api.zenchef.zh-innovation.tech/vendor/laravel/framework/src/Illuminate/Routing/UrlGenerator.php:542)
[stacktrace]
#0 /home/zh-innovation-api-zenchef/htdocs/api.zenchef.zh-innovation.tech/vendor/laravel/framework/src/Illuminate/Foundation/helpers.php(870): Illuminate\\Routing\\UrlGenerator->route()
#1 /home/zh-innovation-api-zenchef/htdocs/api.zenchef.zh-innovation.tech/vendor/laravel/framework/src/Illuminate/Foundation/Configuration/ApplicationBuilder.php(291): route()
#2 [internal function]: Illuminate\\Foundation\\Configuration\\ApplicationBuilder->{closure:{closure:Illuminate\\Foundation\\Configuration\\ApplicationBuilder::withMiddleware():289}:291}()
#3 /home/zh-innovation-api-zenchef/htdocs/api.zenchef.zh-innovation.tech/vendor/laravel/framework/src/Illuminate/Auth/Middleware/Authenticate.php(117): call_user_func()
#4 /home/zh-innovation-api-zenchef/htdocs/api.zenchef.zh-innovation.tech/vendor/laravel/framework/src/Illuminate/Auth/Middleware/Authenticate.php(104): Illuminate\\Auth\\Middleware\\Authenticate->redirectTo()
#5 /home/zh-innovation-api-zenchef/htdocs/api.zenchef.zh-innovation.tech/vendor/laravel/framework/src/Illuminate/Auth/Middleware/Authenticate.php(87): Illuminate\\Auth\\Middleware\\Authenticate->unauthenticated()
#6 /home/zh-innovation-api-zenchef/htdocs/api.zenchef.zh-innovation.tech/vendor/laravel/framework/src/Illuminate/Auth/Middleware/Authenticate.php(61): Illuminate\\Auth\\Middleware\\Authenticate->authenticate()
#7 /home/zh-innovation-api-zenchef/htdocs/api.zenchef.zh-innovation.tech/vendor/laravel/framework/src/Illuminate/Pipeline/Pipeline.php(219): Illuminate\\Auth\\Middleware\\Authenticate->handle()
#8 /home/zh-innovation-api-zenchef/htdocs/api.zenchef.zh-innovation.tech/vendor/laravel/framework/src/Illuminate/Pipeline/Pipeline.php(137): Illuminate\\Pipeline\\Pipeline->{closure:{closure:Illuminate\\Pipeline\\Pipeline::carry():194}:195}()
#9 /home/zh-innovation-api-zenchef/htdocs/api.zenchef.zh-innovation.tech/vendor/laravel/framework/src/Illuminate/Routing/Router.php(821): Illuminate\\Pipeline\\Pipeline->then()
#10 /home/zh-innovation-api-zenchef/htdocs/api.zenchef.zh-innovation.tech/vendor/laravel/framework/src/Illuminate/Routing/Router.php(800): Illuminate\\Routing\\Router->runRouteWithinStack()
#11 /home/zh-innovation-api-zenchef/htdocs/api.zenchef.zh-innovation.tech/vendor/laravel/framework/src/Illuminate/Routing/Router.php(764): Illuminate\\Routing\\Router->runRoute()
#12 /home/zh-innovation-api-zenchef/htdocs/api.zenchef.zh-innovation.tech/vendor/laravel/framework/src/Illuminate/Routing/Router.php(753): Illuminate\\Routing\\Router->dispatchToRoute()
#13 /home/zh-innovation-api-zenchef/htdocs/api.zenchef.zh-innovation.tech/vendor/laravel/framework/src/Illuminate/Foundation/Http/Kernel.php(200): Illuminate\\Routing\\Router->dispatch()
#14 /home/zh-innovation-api-zenchef/htdocs/api.zenchef.zh-innovation.tech/vendor/laravel/framework/src/Illuminate/Pipeline/Pipeline.php(180): Illuminate\\Foundation\\Http\\Kernel->{closure:Illuminate\\Foundation\\Http\\Kernel::dispatchToRouter():197}()
#15 /home/zh-innovation-api-zenchef/htdocs/api.zenchef.zh-innovation.tech/vendor/laravel/framework/src/Illuminate/Foundation/Http/Middleware/TransformsRequest.php(21): Illuminate\\Pipeline\\Pipeline->{closure:Illuminate\\Pipeline\\Pipeline::prepareDestination():178}()
#16 /home/zh-innovation-api-zenchef/htdocs/api.zenchef.zh-innovation.tech/vendor/laravel/framework/src/Illuminate/Foundation/Http/Middleware/ConvertEmptyStringsToNull.php(31): Illuminate\\Foundation\\Http\\Middleware\\TransformsRequest->handle()
#17 /home/zh-innovation-api-zenchef/htdocs/api.zenchef.zh-innovation.tech/vendor/laravel/framework/src/Illuminate/Pipeline/Pipeline.php(219): Illuminate\\Foundation\\Http\\Middleware\\ConvertEmptyStringsToNull->handle()
#18 /home/zh-innovation-api-zenchef/htdocs/api.zenchef.zh-innovation.tech/vendor/laravel/framework/src/Illuminate/Foundation/Http/Middleware/TransformsRequest.php(21): Illuminate\\Pipeline\\Pipeline->{closure:{closure:Illuminate\\Pipeline\\Pipeline::carry():194}:195}()
#19 /home/zh-innovation-api-zenchef/htdocs/api.zenchef.zh-innovation.tech/vendor/laravel/framework/src/Illuminate/Foundation/Http/Middleware/TrimStrings.php(51): Illuminate\\Foundation\\Http\\Middleware\\TransformsRequest->handle()
#20 /home/zh-innovation-api-zenchef/htdocs/api.zenchef.zh-innovation.tech/vendor/laravel/framework/src/Illuminate/Pipeline/Pipeline.php(219): Illuminate\\Foundation\\Http\\Middleware\\TrimStrings->handle()
#21 /home/zh-innovation-api-zenchef/htdocs/api.zenchef.zh-innovation.tech/vendor/laravel/framework/src/Illuminate/Http/Middleware/ValidatePostSize.php(27): Illuminate\\Pipeline\\Pipeline->{closure:{closure:Illuminate\\Pipeline\\Pipeline::carry():194}:195}()
#22 /home/zh-innovation-api-zenchef/htdocs/api.zenchef.zh-innovation.tech/vendor/laravel/framework/src/Illuminate/Pipeline/Pipeline.php(219): Illuminate\\Http\\Middleware\\ValidatePostSize->handle()
#23 /home/zh-innovation-api-zenchef/htdocs/api.zenchef.zh-innovation.tech/vendor/laravel/framework/src/Illuminate/Foundation/Http/Middleware/PreventRequestsDuringMaintenance.php(110): Illuminate\\Pipeline\\Pipeline->{closure:{closure:Illuminate\\Pipeline\\Pipeline::carry():194}:195}()
#24 /home/zh-innovation-api-zenchef/htdocs/api.zenchef.zh-innovation.tech/vendor/laravel/framework/src/Illuminate/Pipeline/Pipeline.php(219): Illuminate\\Foundation\\Http\\Middleware\\PreventRequestsDuringMaintenance->handle()
#25 /home/zh-innovation-api-zenchef/htdocs/api.zenchef.zh-innovation.tech/vendor/laravel/framework/src/Illuminate/Http/Middleware/HandleCors.php(74): Illuminate\\Pipeline\\Pipeline->{closure:{closure:Illuminate\\Pipeline\\Pipeline::carry():194}:195}()
#26 /home/zh-innovation-api-zenchef/htdocs/api.zenchef.zh-innovation.tech/vendor/laravel/framework/src/Illuminate/Pipeline/Pipeline.php(219): Illuminate\\Http\\Middleware\\HandleCors->handle()
#27 /home/zh-innovation-api-zenchef/htdocs/api.zenchef.zh-innovation.tech/vendor/laravel/framework/src/Illuminate/Http/Middleware/TrustProxies.php(58): Illuminate\\Pipeline\\Pipeline->{closure:{closure:Illuminate\\Pipeline\\Pipeline::carry():194}:195}()
#28 /home/zh-innovation-api-zenchef/htdocs/api.zenchef.zh-innovation.tech/vendor/laravel/framework/src/Illuminate/Pipeline/Pipeline.php(219): Illuminate\\Http\\Middleware\\TrustProxies->handle()
#29 /home/zh-innovation-api-zenchef/htdocs/api.zenchef.zh-innovation.tech/vendor/laravel/framework/src/Illuminate/Foundation/Http/Middleware/InvokeDeferredCallbacks.php(22): Illuminate\\Pipeline\\Pipeline->{closure:{closure:Illuminate\\Pipeline\\Pipeline::carry():194}:195}()
#30 /home/zh-innovation-api-zenchef/htdocs/api.zenchef.zh-innovation.tech/vendor/laravel/framework/src/Illuminate/Pipeline/Pipeline.php(219): Illuminate\\Foundation\\Http\\Middleware\\InvokeDeferredCallbacks->handle()
#31 /home/zh-innovation-api-zenchef/htdocs/api.zenchef.zh-innovation.tech/vendor/laravel/framework/src/Illuminate/Http/Middleware/ValidatePathEncoding.php(28): Illuminate\\Pipeline\\Pipeline->{closure:{closure:Illuminate\\Pipeline\\Pipeline::carry():194}:195}()
#32 /home/zh-innovation-api-zenchef/htdocs/api.zenchef.zh-innovation.tech/vendor/laravel/framework/src/Illuminate/Pipeline/Pipeline.php(219): Illuminate\\Http\\Middleware\\ValidatePathEncoding->handle()
#33 /home/zh-innovation-api-zenchef/htdocs/api.zenchef.zh-innovation.tech/vendor/laravel/framework/src/Illuminate/Pipeline/Pipeline.php(137): Illuminate\\Pipeline\\Pipeline->{closure:{closure:Illuminate\\Pipeline\\Pipeline::carry():194}:195}()
#34 /home/zh-innovation-api-zenchef/htdocs/api.zenchef.zh-innovation.tech/vendor/laravel/framework/src/Illuminate/Foundation/Http/Kernel.php(175): Illuminate\\Pipeline\\Pipeline->then()
#35 /home/zh-innovation-api-zenchef/htdocs/api.zenchef.zh-innovation.tech/vendor/laravel/framework/src/Illuminate/Foundation/Http/Kernel.php(144): Illuminate\\Foundation\\Http\\Kernel->sendRequestThroughRouter()
#36 /home/zh-innovation-api-zenchef/htdocs/api.zenchef.zh-innovation.tech/vendor/laravel/framework/src/Illuminate/Foundation/Application.php(1227): Illuminate\\Foundation\\Http\\Kernel->handle()
#37 /home/zh-innovation-api-zenchef/htdocs/api.zenchef.zh-innovation.tech/public/index.php(20): Illuminate\\Foundation\\Application->handleRequest()
#38 {main}
"} 
[2026-09-10 08:14:03] local.ERROR: لا يمكن تغيير حالة الطلب من [accepted] إلى [served]. {"userId":2,"exception":"[object] (App\\Exceptions\\InvalidOrderTransitionException(code: 0): لا يمكن تغيير حالة الطلب من [accepted] إلى [served]. at /home/zh-innovation-api-zenchef/htdocs/api.zenchef.zh-innovation.tech/app/Services/OrderStatusService.php:27)
[stacktrace]
#0 /home/zh-innovation-api-zenchef/htdocs/api.zenchef.zh-innovation.tech/app/Services/OrderStatusService.php(68): App\\Services\\OrderStatusService->transition()
#1 /home/zh-innovation-api-zenchef/htdocs/api.zenchef.zh-innovation.tech/app/Http/Controllers/Api/Cashier/CashierOrderController.php(68): App\\Services\\OrderStatusService->markServed()
#2 /home/zh-innovation-api-zenchef/htdocs/api.zenchef.zh-innovation.tech/vendor/laravel/framework/src/Illuminate/Routing/ControllerDispatcher.php(46): App\\Http\\Controllers\\Api\\Cashier\\CashierOrderController->markServed()
#3 /home/zh-innovation-api-zenchef/htdocs/api.zenchef.zh-innovation.tech/vendor/laravel/framework/src/Illuminate/Routing/Route.php(276): Illuminate\\Routing\\ControllerDispatcher->dispatch()
#4 /home/zh-innovation-api-zenchef/htdocs/api.zenchef.zh-innovation.tech/vendor/laravel/framework/src/Illuminate/Routing/Route.php(216): Illuminate\\Routing\\Route->runController()
#5 /home/zh-innovation-api-zenchef/htdocs/api.zenchef.zh-innovation.tech/vendor/laravel/framework/src/Illuminate/Routing/Router.php(822): Illuminate\\Routing\\Route->run()
#6 /home/zh-innovation-api-zenchef/htdocs/api.zenchef.zh-innovation.tech/vendor/laravel/framework/src/Illuminate/Pipeline/Pipeline.php(180): Illuminate\\Routing\\Router->{closure:Illuminate\\Routing\\Router::runRouteWithinStack():821}()
#7 /home/zh-innovation-api-zenchef/htdocs/api.zenchef.zh-innovation.tech/app/Http/Middleware/EnsureStaffRole.php(27): Illuminate\\Pipeline\\Pipeline->{closure:Illuminate\\Pipeline\\Pipeline::prepareDestination():178}()
#8 /home/zh-innovation-api-zenchef/htdocs/api.zenchef.zh-innovation.tech/vendor/laravel/framework/src/Illuminate/Pipeline/Pipeline.php(219): App\\Http\\Middleware\\EnsureStaffRole->handle()
#9 /home/zh-innovation-api-zenchef/htdocs/api.zenchef.zh-innovation.tech/vendor/laravel/framework/src/Illuminate/Routing/Middleware/SubstituteBindings.php(52): Illuminate\\Pipeline\\Pipeline->{closure:{closure:Illuminate\\Pipeline\\Pipeline::carry():194}:195}()
#10 /home/zh-innovation-api-zenchef/htdocs/api.zenchef.zh-innovation.tech/vendor/laravel/framework/src/Illuminate/Pipeline/Pipeline.php(219): Illuminate\\Routing\\Middleware\\SubstituteBindings->handle()
#11 /home/zh-innovation-api-zenchef/htdocs/api.zenchef.zh-innovation.tech/vendor/laravel/framework/src/Illuminate/Auth/Middleware/Authenticate.php(63): Illuminate\\Pipeline\\Pipeline->{closure:{closure:Illuminate\\Pipeline\\Pipeline::carry():194}:195}()
#12 /home/zh-innovation-api-zenchef/htdocs/api.zenchef.zh-innovation.tech/vendor/laravel/framework/src/Illuminate/Pipeline/Pipeline.php(219): Illuminate\\Auth\\Middleware\\Authenticate->handle()
#13 /home/zh-innovation-api-zenchef/htdocs/api.zenchef.zh-innovation.tech/vendor/laravel/framework/src/Illuminate/Pipeline/Pipeline.php(137): Illuminate\\Pipeline\\Pipeline->{closure:{closure:Illuminate\\Pipeline\\Pipeline::carry():194}:195}()
#14 /home/zh-innovation-api-zenchef/htdocs/api.zenchef.zh-innovation.tech/vendor/laravel/framework/src/Illuminate/Routing/Router.php(821): Illuminate\\Pipeline\\Pipeline->then()
#15 /home/zh-innovation-api-zenchef/htdocs/api.zenchef.zh-innovation.tech/vendor/laravel/framework/src/Illuminate/Routing/Router.php(800): Illuminate\\Routing\\Router->runRouteWithinStack()
#16 /home/zh-innovation-api-zenchef/htdocs/api.zenchef.zh-innovation.tech/vendor/laravel/framework/src/Illuminate/Routing/Router.php(764): Illuminate\\Routing\\Router->runRoute()
#17 /home/zh-innovation-api-zenchef/htdocs/api.zenchef.zh-innovation.tech/vendor/laravel/framework/src/Illuminate/Routing/Router.php(753): Illuminate\\Routing\\Router->dispatchToRoute()
#18 /home/zh-innovation-api-zenchef/htdocs/api.zenchef.zh-innovation.tech/vendor/laravel/framework/src/Illuminate/Foundation/Http/Kernel.php(200): Illuminate\\Routing\\Router->dispatch()
#19 /home/zh-innovation-api-zenchef/htdocs/api.zenchef.zh-innovation.tech/vendor/laravel/framework/src/Illuminate/Pipeline/Pipeline.php(180): Illuminate\\Foundation\\Http\\Kernel->{closure:Illuminate\\Foundation\\Http\\Kernel::dispatchToRouter():197}()
#20 /home/zh-innovation-api-zenchef/htdocs/api.zenchef.zh-innovation.tech/vendor/laravel/framework/src/Illuminate/Foundation/Http/Middleware/TransformsRequest.php(21): Illuminate\\Pipeline\\Pipeline->{closure:Illuminate\\Pipeline\\Pipeline::prepareDestination():178}()
#21 /home/zh-innovation-api-zenchef/htdocs/api.zenchef.zh-innovation.tech/vendor/laravel/framework/src/Illuminate/Foundation/Http/Middleware/ConvertEmptyStringsToNull.php(31): Illuminate\\Foundation\\Http\\Middleware\\TransformsRequest->handle()
#22 /home/zh-innovation-api-zenchef/htdocs/api.zenchef.zh-innovation.tech/vendor/laravel/framework/src/Illuminate/Pipeline/Pipeline.php(219): Illuminate\\Foundation\\Http\\Middleware\\ConvertEmptyStringsToNull->handle()
#23 /home/zh-innovation-api-zenchef/htdocs/api.zenchef.zh-innovation.tech/vendor/laravel/framework/src/Illuminate/Foundation/Http/Middleware/TransformsRequest.php(21): Illuminate\\Pipeline\\Pipeline->{closure:{closure:Illuminate\\Pipeline\\Pipeline::carry():194}:195}()
#24 /home/zh-innovation-api-zenchef/htdocs/api.zenchef.zh-innovation.tech/vendor/laravel/framework/src/Illuminate/Foundation/Http/Middleware/TrimStrings.php(51): Illuminate\\Foundation\\Http\\Middleware\\TransformsRequest->handle()
#25 /home/zh-innovation-api-zenchef/htdocs/api.zenchef.zh-innovation.tech/vendor/laravel/framework/src/Illuminate/Pipeline/Pipeline.php(219): Illuminate\\Foundation\\Http\\Middleware\\TrimStrings->handle()
#26 /home/zh-innovation-api-zenchef/htdocs/api.zenchef.zh-innovation.tech/vendor/laravel/framework/src/Illuminate/Http/Middleware/ValidatePostSize.php(27): Illuminate\\Pipeline\\Pipeline->{closure:{closure:Illuminate\\Pipeline\\Pipeline::carry():194}:195}()
#27 /home/zh-innovation-api-zenchef/htdocs/api.zenchef.zh-innovation.tech/vendor/laravel/framework/src/Illuminate/Pipeline/Pipeline.php(219): Illuminate\\Http\\Middleware\\ValidatePostSize->handle()
#28 /home/zh-innovation-api-zenchef/htdocs/api.zenchef.zh-innovation.tech/vendor/laravel/framework/src/Illuminate/Foundation/Http/Middleware/PreventRequestsDuringMaintenance.php(110): Illuminate\\Pipeline\\Pipeline->{closure:{closure:Illuminate\\Pipeline\\Pipeline::carry():194}:195}()
#29 /home/zh-innovation-api-zenchef/htdocs/api.zenchef.zh-innovation.tech/vendor/laravel/framework/src/Illuminate/Pipeline/Pipeline.php(219): Illuminate\\Foundation\\Http\\Middleware\\PreventRequestsDuringMaintenance->handle()
#30 /home/zh-innovation-api-zenchef/htdocs/api.zenchef.zh-innovation.tech/vendor/laravel/framework/src/Illuminate/Http/Middleware/HandleCors.php(74): Illuminate\\Pipeline\\Pipeline->{closure:{closure:Illuminate\\Pipeline\\Pipeline::carry():194}:195}()
#31 /home/zh-innovation-api-zenchef/htdocs/api.zenchef.zh-innovation.tech/vendor/laravel/framework/src/Illuminate/Pipeline/Pipeline.php(219): Illuminate\\Http\\Middleware\\HandleCors->handle()
#32 /home/zh-innovation-api-zenchef/htdocs/api.zenchef.zh-innovation.tech/vendor/laravel/framework/src/Illuminate/Http/Middleware/TrustProxies.php(58): Illuminate\\Pipeline\\Pipeline->{closure:{closure:Illuminate\\Pipeline\\Pipeline::carry():194}:195}()
#33 /home/zh-innovation-api-zenchef/htdocs/api.zenchef.zh-innovation.tech/vendor/laravel/framework/src/Illuminate/Pipeline/Pipeline.php(219): Illuminate\\Http\\Middleware\\TrustProxies->handle()
#34 /home/zh-innovation-api-zenchef/htdocs/api.zenchef.zh-innovation.tech/vendor/laravel/framework/src/Illuminate/Foundation/Http/Middleware/InvokeDeferredCallbacks.php(22): Illuminate\\Pipeline\\Pipeline->{closure:{closure:Illuminate\\Pipeline\\Pipeline::carry():194}:195}()
#35 /home/zh-innovation-api-zenchef/htdocs/api.zenchef.zh-innovation.tech/vendor/laravel/framework/src/Illuminate/Pipeline/Pipeline.php(219): Illuminate\\Foundation\\Http\\Middleware\\InvokeDeferredCallbacks->handle()
#36 /home/zh-innovation-api-zenchef/htdocs/api.zenchef.zh-innovation.tech/vendor/laravel/framework/src/Illuminate/Http/Middleware/ValidatePathEncoding.php(28): Illuminate\\Pipeline\\Pipeline->{closure:{closure:Illuminate\\Pipeline\\Pipeline::carry():194}:195}()
#37 /home/zh-innovation-api-zenchef/htdocs/api.zenchef.zh-innovation.tech/vendor/laravel/framework/src/Illuminate/Pipeline/Pipeline.php(219): Illuminate\\Http\\Middleware\\ValidatePathEncoding->handle()
#38 /home/zh-innovation-api-zenchef/htdocs/api.zenchef.zh-innovation.tech/vendor/laravel/framework/src/Illuminate/Pipeline/Pipeline.php(137): Illuminate\\Pipeline\\Pipeline->{closure:{closure:Illuminate\\Pipeline\\Pipeline::carry():194}:195}()
#39 /home/zh-innovation-api-zenchef/htdocs/api.zenchef.zh-innovation.tech/vendor/laravel/framework/src/Illuminate/Foundation/Http/Kernel.php(175): Illuminate\\Pipeline\\Pipeline->then()
#40 /home/zh-innovation-api-zenchef/htdocs/api.zenchef.zh-innovation.tech/vendor/laravel/framework/src/Illuminate/Foundation/Http/Kernel.php(144): Illuminate\\Foundation\\Http\\Kernel->sendRequestThroughRouter()
#41 /home/zh-innovation-api-zenchef/htdocs/api.zenchef.zh-innovation.tech/vendor/laravel/framework/src/Illuminate/Foundation/Application.php(1227): Illuminate\\Foundation\\Http\\Kernel->handle()
#42 /home/zh-innovation-api-zenchef/htdocs/api.zenchef.zh-innovation.tech/public/index.php(20): Illuminate\\Foundation\\Application->handleRequest()
#43 {main}
"} 
[2026-09-10 08:15:14] local.ERROR: لا يمكن تغيير حالة الطلب من [accepted] إلى [paid]. {"userId":2,"exception":"[object] (App\\Exceptions\\InvalidOrderTransitionException(code: 0): لا يمكن تغيير حالة الطلب من [accepted] إلى [paid]. at /home/zh-innovation-api-zenchef/htdocs/api.zenchef.zh-innovation.tech/app/Services/OrderStatusService.php:27)
[stacktrace]
#0 /home/zh-innovation-api-zenchef/htdocs/api.zenchef.zh-innovation.tech/app/Services/OrderPaymentService.php(39): App\\Services\\OrderStatusService->transition()
#1 /home/zh-innovation-api-zenchef/htdocs/api.zenchef.zh-innovation.tech/vendor/laravel/framework/src/Illuminate/Database/Concerns/ManagesTransactions.php(35): App\\Services\\OrderPaymentService->{closure:App\\Services\\OrderPaymentService::recordPayment():31}()
#2 /home/zh-innovation-api-zenchef/htdocs/api.zenchef.zh-innovation.tech/vendor/laravel/framework/src/Illuminate/Database/DatabaseManager.php(502): Illuminate\\Database\\Connection->transaction()
#3 /home/zh-innovation-api-zenchef/htdocs/api.zenchef.zh-innovation.tech/vendor/laravel/framework/src/Illuminate/Support/Facades/Facade.php(364): Illuminate\\Database\\DatabaseManager->__call()
#4 /home/zh-innovation-api-zenchef/htdocs/api.zenchef.zh-innovation.tech/app/Services/OrderPaymentService.php(31): Illuminate\\Support\\Facades\\Facade::__callStatic()
#5 /home/zh-innovation-api-zenchef/htdocs/api.zenchef.zh-innovation.tech/app/Http/Controllers/Api/Cashier/CashierOrderController.php(77): App\\Services\\OrderPaymentService->recordPayment()
#6 /home/zh-innovation-api-zenchef/htdocs/api.zenchef.zh-innovation.tech/vendor/laravel/framework/src/Illuminate/Routing/ControllerDispatcher.php(46): App\\Http\\Controllers\\Api\\Cashier\\CashierOrderController->payment()
#7 /home/zh-innovation-api-zenchef/htdocs/api.zenchef.zh-innovation.tech/vendor/laravel/framework/src/Illuminate/Routing/Route.php(276): Illuminate\\Routing\\ControllerDispatcher->dispatch()
#8 /home/zh-innovation-api-zenchef/htdocs/api.zenchef.zh-innovation.tech/vendor/laravel/framework/src/Illuminate/Routing/Route.php(216): Illuminate\\Routing\\Route->runController()
#9 /home/zh-innovation-api-zenchef/htdocs/api.zenchef.zh-innovation.tech/vendor/laravel/framework/src/Illuminate/Routing/Router.php(822): Illuminate\\Routing\\Route->run()
#10 /home/zh-innovation-api-zenchef/htdocs/api.zenchef.zh-innovation.tech/vendor/laravel/framework/src/Illuminate/Pipeline/Pipeline.php(180): Illuminate\\Routing\\Router->{closure:Illuminate\\Routing\\Router::runRouteWithinStack():821}()
#11 /home/zh-innovation-api-zenchef/htdocs/api.zenchef.zh-innovation.tech/app/Http/Middleware/EnsureStaffRole.php(27): Illuminate\\Pipeline\\Pipeline->{closure:Illuminate\\Pipeline\\Pipeline::prepareDestination():178}()
#12 /home/zh-innovation-api-zenchef/htdocs/api.zenchef.zh-innovation.tech/vendor/laravel/framework/src/Illuminate/Pipeline/Pipeline.php(219): App\\Http\\Middleware\\EnsureStaffRole->handle()
#13 /home/zh-innovation-api-zenchef/htdocs/api.zenchef.zh-innovation.tech/vendor/laravel/framework/src/Illuminate/Routing/Middleware/SubstituteBindings.php(52): Illuminate\\Pipeline\\Pipeline->{closure:{closure:Illuminate\\Pipeline\\Pipeline::carry():194}:195}()
#14 /home/zh-innovation-api-zenchef/htdocs/api.zenchef.zh-innovation.tech/vendor/laravel/framework/src/Illuminate/Pipeline/Pipeline.php(219): Illuminate\\Routing\\Middleware\\SubstituteBindings->handle()
#15 /home/zh-innovation-api-zenchef/htdocs/api.zenchef.zh-innovation.tech/vendor/laravel/framework/src/Illuminate/Auth/Middleware/Authenticate.php(63): Illuminate\\Pipeline\\Pipeline->{closure:{closure:Illuminate\\Pipeline\\Pipeline::carry():194}:195}()
#16 /home/zh-innovation-api-zenchef/htdocs/api.zenchef.zh-innovation.tech/vendor/laravel/framework/src/Illuminate/Pipeline/Pipeline.php(219): Illuminate\\Auth\\Middleware\\Authenticate->handle()
#17 /home/zh-innovation-api-zenchef/htdocs/api.zenchef.zh-innovation.tech/vendor/laravel/framework/src/Illuminate/Pipeline/Pipeline.php(137): Illuminate\\Pipeline\\Pipeline->{closure:{closure:Illuminate\\Pipeline\\Pipeline::carry():194}:195}()
#18 /home/zh-innovation-api-zenchef/htdocs/api.zenchef.zh-innovation.tech/vendor/laravel/framework/src/Illuminate/Routing/Router.php(821): Illuminate\\Pipeline\\Pipeline->then()
#19 /home/zh-innovation-api-zenchef/htdocs/api.zenchef.zh-innovation.tech/vendor/laravel/framework/src/Illuminate/Routing/Router.php(800): Illuminate\\Routing\\Router->runRouteWithinStack()
#20 /home/zh-innovation-api-zenchef/htdocs/api.zenchef.zh-innovation.tech/vendor/laravel/framework/src/Illuminate/Routing/Router.php(764): Illuminate\\Routing\\Router->runRoute()
#21 /home/zh-innovation-api-zenchef/htdocs/api.zenchef.zh-innovation.tech/vendor/laravel/framework/src/Illuminate/Routing/Router.php(753): Illuminate\\Routing\\Router->dispatchToRoute()
#22 /home/zh-innovation-api-zenchef/htdocs/api.zenchef.zh-innovation.tech/vendor/laravel/framework/src/Illuminate/Foundation/Http/Kernel.php(200): Illuminate\\Routing\\Router->dispatch()
#23 /home/zh-innovation-api-zenchef/htdocs/api.zenchef.zh-innovation.tech/vendor/laravel/framework/src/Illuminate/Pipeline/Pipeline.php(180): Illuminate\\Foundation\\Http\\Kernel->{closure:Illuminate\\Foundation\\Http\\Kernel::dispatchToRouter():197}()
#24 /home/zh-innovation-api-zenchef/htdocs/api.zenchef.zh-innovation.tech/vendor/laravel/framework/src/Illuminate/Foundation/Http/Middleware/TransformsRequest.php(21): Illuminate\\Pipeline\\Pipeline->{closure:Illuminate\\Pipeline\\Pipeline::prepareDestination():178}()
#25 /home/zh-innovation-api-zenchef/htdocs/api.zenchef.zh-innovation.tech/vendor/laravel/framework/src/Illuminate/Foundation/Http/Middleware/ConvertEmptyStringsToNull.php(31): Illuminate\\Foundation\\Http\\Middleware\\TransformsRequest->handle()
#26 /home/zh-innovation-api-zenchef/htdocs/api.zenchef.zh-innovation.tech/vendor/laravel/framework/src/Illuminate/Pipeline/Pipeline.php(219): Illuminate\\Foundation\\Http\\Middleware\\ConvertEmptyStringsToNull->handle()
#27 /home/zh-innovation-api-zenchef/htdocs/api.zenchef.zh-innovation.tech/vendor/laravel/framework/src/Illuminate/Foundation/Http/Middleware/TransformsRequest.php(21): Illuminate\\Pipeline\\Pipeline->{closure:{closure:Illuminate\\Pipeline\\Pipeline::carry():194}:195}()
#28 /home/zh-innovation-api-zenchef/htdocs/api.zenchef.zh-innovation.tech/vendor/laravel/framework/src/Illuminate/Foundation/Http/Middleware/TrimStrings.php(51): Illuminate\\Foundation\\Http\\Middleware\\TransformsRequest->handle()
#29 /home/zh-innovation-api-zenchef/htdocs/api.zenchef.zh-innovation.tech/vendor/laravel/framework/src/Illuminate/Pipeline/Pipeline.php(219): Illuminate\\Foundation\\Http\\Middleware\\TrimStrings->handle()
#30 /home/zh-innovation-api-zenchef/htdocs/api.zenchef.zh-innovation.tech/vendor/laravel/framework/src/Illuminate/Http/Middleware/ValidatePostSize.php(27): Illuminate\\Pipeline\\Pipeline->{closure:{closure:Illuminate\\Pipeline\\Pipeline::carry():194}:195}()
#31 /home/zh-innovation-api-zenchef/htdocs/api.zenchef.zh-innovation.tech/vendor/laravel/framework/src/Illuminate/Pipeline/Pipeline.php(219): Illuminate\\Http\\Middleware\\ValidatePostSize->handle()
#32 /home/zh-innovation-api-zenchef/htdocs/api.zenchef.zh-innovation.tech/vendor/laravel/framework/src/Illuminate/Foundation/Http/Middleware/PreventRequestsDuringMaintenance.php(110): Illuminate\\Pipeline\\Pipeline->{closure:{closure:Illuminate\\Pipeline\\Pipeline::carry():194}:195}()
#33 /home/zh-innovation-api-zenchef/htdocs/api.zenchef.zh-innovation.tech/vendor/laravel/framework/src/Illuminate/Pipeline/Pipeline.php(219): Illuminate\\Foundation\\Http\\Middleware\\PreventRequestsDuringMaintenance->handle()
#34 /home/zh-innovation-api-zenchef/htdocs/api.zenchef.zh-innovation.tech/vendor/laravel/framework/src/Illuminate/Http/Middleware/HandleCors.php(74): Illuminate\\Pipeline\\Pipeline->{closure:{closure:Illuminate\\Pipeline\\Pipeline::carry():194}:195}()
#35 /home/zh-innovation-api-zenchef/htdocs/api.zenchef.zh-innovation.tech/vendor/laravel/framework/src/Illuminate/Pipeline/Pipeline.php(219): Illuminate\\Http\\Middleware\\HandleCors->handle()
#36 /home/zh-innovation-api-zenchef/htdocs/api.zenchef.zh-innovation.tech/vendor/laravel/framework/src/Illuminate/Http/Middleware/TrustProxies.php(58): Illuminate\\Pipeline\\Pipeline->{closure:{closure:Illuminate\\Pipeline\\Pipeline::carry():194}:195}()
#37 /home/zh-innovation-api-zenchef/htdocs/api.zenchef.zh-innovation.tech/vendor/laravel/framework/src/Illuminate/Pipeline/Pipeline.php(219): Illuminate\\Http\\Middleware\\TrustProxies->handle()
#38 /home/zh-innovation-api-zenchef/htdocs/api.zenchef.zh-innovation.tech/vendor/laravel/framework/src/Illuminate/Foundation/Http/Middleware/InvokeDeferredCallbacks.php(22): Illuminate\\Pipeline\\Pipeline->{closure:{closure:Illuminate\\Pipeline\\Pipeline::carry():194}:195}()
#39 /home/zh-innovation-api-zenchef/htdocs/api.zenchef.zh-innovation.tech/vendor/laravel/framework/src/Illuminate/Pipeline/Pipeline.php(219): Illuminate\\Foundation\\Http\\Middleware\\InvokeDeferredCallbacks->handle()
#40 /home/zh-innovation-api-zenchef/htdocs/api.zenchef.zh-innovation.tech/vendor/laravel/framework/src/Illuminate/Http/Middleware/ValidatePathEncoding.php(28): Illuminate\\Pipeline\\Pipeline->{closure:{closure:Illuminate\\Pipeline\\Pipeline::carry():194}:195}()
#41 /home/zh-innovation-api-zenchef/htdocs/api.zenchef.zh-innovation.tech/vendor/laravel/framework/src/Illuminate/Pipeline/Pipeline.php(219): Illuminate\\Http\\Middleware\\ValidatePathEncoding->handle()
#42 /home/zh-innovation-api-zenchef/htdocs/api.zenchef.zh-innovation.tech/vendor/laravel/framework/src/Illuminate/Pipeline/Pipeline.php(137): Illuminate\\Pipeline\\Pipeline->{closure:{closure:Illuminate\\Pipeline\\Pipeline::carry():194}:195}()
#43 /home/zh-innovation-api-zenchef/htdocs/api.zenchef.zh-innovation.tech/vendor/laravel/framework/src/Illuminate/Foundation/Http/Kernel.php(175): Illuminate\\Pipeline\\Pipeline->then()
#44 /home/zh-innovation-api-zenchef/htdocs/api.zenchef.zh-innovation.tech/vendor/laravel/framework/src/Illuminate/Foundation/Http/Kernel.php(144): Illuminate\\Foundation\\Http\\Kernel->sendRequestThroughRouter()
#45 /home/zh-innovation-api-zenchef/htdocs/api.zenchef.zh-innovation.tech/vendor/laravel/framework/src/Illuminate/Foundation/Application.php(1227): Illuminate\\Foundation\\Http\\Kernel->handle()
#46 /home/zh-innovation-api-zenchef/htdocs/api.zenchef.zh-innovation.tech/public/index.php(20): Illuminate\\Foundation\\Application->handleRequest()
#47 {main}
"} 
[2026-09-10 08:17:13] local.ERROR: لا يمكن تغيير حالة الطلب من [preparing] إلى [paid]. {"userId":2,"exception":"[object] (App\\Exceptions\\InvalidOrderTransitionException(code: 0): لا يمكن تغيير حالة الطلب من [preparing] إلى [paid]. at /home/zh-innovation-api-zenchef/htdocs/api.zenchef.zh-innovation.tech/app/Services/OrderStatusService.php:27)
[stacktrace]
#0 /home/zh-innovation-api-zenchef/htdocs/api.zenchef.zh-innovation.tech/app/Services/OrderPaymentService.php(39): App\\Services\\OrderStatusService->transition()
#1 /home/zh-innovation-api-zenchef/htdocs/api.zenchef.zh-innovation.tech/vendor/laravel/framework/src/Illuminate/Database/Concerns/ManagesTransactions.php(35): App\\Services\\OrderPaymentService->{closure:App\\Services\\OrderPaymentService::recordPayment():31}()
#2 /home/zh-innovation-api-zenchef/htdocs/api.zenchef.zh-innovation.tech/vendor/laravel/framework/src/Illuminate/Database/DatabaseManager.php(502): Illuminate\\Database\\Connection->transaction()
#3 /home/zh-innovation-api-zenchef/htdocs/api.zenchef.zh-innovation.tech/vendor/laravel/framework/src/Illuminate/Support/Facades/Facade.php(364): Illuminate\\Database\\DatabaseManager->__call()
#4 /home/zh-innovation-api-zenchef/htdocs/api.zenchef.zh-innovation.tech/app/Services/OrderPaymentService.php(31): Illuminate\\Support\\Facades\\Facade::__callStatic()
#5 /home/zh-innovation-api-zenchef/htdocs/api.zenchef.zh-innovation.tech/app/Http/Controllers/Api/Cashier/CashierOrderController.php(77): App\\Services\\OrderPaymentService->recordPayment()
#6 /home/zh-innovation-api-zenchef/htdocs/api.zenchef.zh-innovation.tech/vendor/laravel/framework/src/Illuminate/Routing/ControllerDispatcher.php(46): App\\Http\\Controllers\\Api\\Cashier\\CashierOrderController->payment()
#7 /home/zh-innovation-api-zenchef/htdocs/api.zenchef.zh-innovation.tech/vendor/laravel/framework/src/Illuminate/Routing/Route.php(276): Illuminate\\Routing\\ControllerDispatcher->dispatch()
#8 /home/zh-innovation-api-zenchef/htdocs/api.zenchef.zh-innovation.tech/vendor/laravel/framework/src/Illuminate/Routing/Route.php(216): Illuminate\\Routing\\Route->runController()
#9 /home/zh-innovation-api-zenchef/htdocs/api.zenchef.zh-innovation.tech/vendor/laravel/framework/src/Illuminate/Routing/Router.php(822): Illuminate\\Routing\\Route->run()
#10 /home/zh-innovation-api-zenchef/htdocs/api.zenchef.zh-innovation.tech/vendor/laravel/framework/src/Illuminate/Pipeline/Pipeline.php(180): Illuminate\\Routing\\Router->{closure:Illuminate\\Routing\\Router::runRouteWithinStack():821}()
#11 /home/zh-innovation-api-zenchef/htdocs/api.zenchef.zh-innovation.tech/app/Http/Middleware/EnsureStaffRole.php(27): Illuminate\\Pipeline\\Pipeline->{closure:Illuminate\\Pipeline\\Pipeline::prepareDestination():178}()
#12 /home/zh-innovation-api-zenchef/htdocs/api.zenchef.zh-innovation.tech/vendor/laravel/framework/src/Illuminate/Pipeline/Pipeline.php(219): App\\Http\\Middleware\\EnsureStaffRole->handle()
#13 /home/zh-innovation-api-zenchef/htdocs/api.zenchef.zh-innovation.tech/vendor/laravel/framework/src/Illuminate/Routing/Middleware/SubstituteBindings.php(52): Illuminate\\Pipeline\\Pipeline->{closure:{closure:Illuminate\\Pipeline\\Pipeline::carry():194}:195}()
#14 /home/zh-innovation-api-zenchef/htdocs/api.zenchef.zh-innovation.tech/vendor/laravel/framework/src/Illuminate/Pipeline/Pipeline.php(219): Illuminate\\Routing\\Middleware\\SubstituteBindings->handle()
#15 /home/zh-innovation-api-zenchef/htdocs/api.zenchef.zh-innovation.tech/vendor/laravel/framework/src/Illuminate/Auth/Middleware/Authenticate.php(63): Illuminate\\Pipeline\\Pipeline->{closure:{closure:Illuminate\\Pipeline\\Pipeline::carry():194}:195}()
#16 /home/zh-innovation-api-zenchef/htdocs/api.zenchef.zh-innovation.tech/vendor/laravel/framework/src/Illuminate/Pipeline/Pipeline.php(219): Illuminate\\Auth\\Middleware\\Authenticate->handle()
#17 /home/zh-innovation-api-zenchef/htdocs/api.zenchef.zh-innovation.tech/vendor/laravel/framework/src/Illuminate/Pipeline/Pipeline.php(137): Illuminate\\Pipeline\\Pipeline->{closure:{closure:Illuminate\\Pipeline\\Pipeline::carry():194}:195}()
#18 /home/zh-innovation-api-zenchef/htdocs/api.zenchef.zh-innovation.tech/vendor/laravel/framework/src/Illuminate/Routing/Router.php(821): Illuminate\\Pipeline\\Pipeline->then()
#19 /home/zh-innovation-api-zenchef/htdocs/api.zenchef.zh-innovation.tech/vendor/laravel/framework/src/Illuminate/Routing/Router.php(800): Illuminate\\Routing\\Router->runRouteWithinStack()
#20 /home/zh-innovation-api-zenchef/htdocs/api.zenchef.zh-innovation.tech/vendor/laravel/framework/src/Illuminate/Routing/Router.php(764): Illuminate\\Routing\\Router->runRoute()
#21 /home/zh-innovation-api-zenchef/htdocs/api.zenchef.zh-innovation.tech/vendor/laravel/framework/src/Illuminate/Routing/Router.php(753): Illuminate\\Routing\\Router->dispatchToRoute()
#22 /home/zh-innovation-api-zenchef/htdocs/api.zenchef.zh-innovation.tech/vendor/laravel/framework/src/Illuminate/Foundation/Http/Kernel.php(200): Illuminate\\Routing\\Router->dispatch()
#23 /home/zh-innovation-api-zenchef/htdocs/api.zenchef.zh-innovation.tech/vendor/laravel/framework/src/Illuminate/Pipeline/Pipeline.php(180): Illuminate\\Foundation\\Http\\Kernel->{closure:Illuminate\\Foundation\\Http\\Kernel::dispatchToRouter():197}()
#24 /home/zh-innovation-api-zenchef/htdocs/api.zenchef.zh-innovation.tech/vendor/laravel/framework/src/Illuminate/Foundation/Http/Middleware/TransformsRequest.php(21): Illuminate\\Pipeline\\Pipeline->{closure:Illuminate\\Pipeline\\Pipeline::prepareDestination():178}()
#25 /home/zh-innovation-api-zenchef/htdocs/api.zenchef.zh-innovation.tech/vendor/laravel/framework/src/Illuminate/Foundation/Http/Middleware/ConvertEmptyStringsToNull.php(31): Illuminate\\Foundation\\Http\\Middleware\\TransformsRequest->handle()
#26 /home/zh-innovation-api-zenchef/htdocs/api.zenchef.zh-innovation.tech/vendor/laravel/framework/src/Illuminate/Pipeline/Pipeline.php(219): Illuminate\\Foundation\\Http\\Middleware\\ConvertEmptyStringsToNull->handle()
#27 /home/zh-innovation-api-zenchef/htdocs/api.zenchef.zh-innovation.tech/vendor/laravel/framework/src/Illuminate/Foundation/Http/Middleware/TransformsRequest.php(21): Illuminate\\Pipeline\\Pipeline->{closure:{closure:Illuminate\\Pipeline\\Pipeline::carry():194}:195}()
#28 /home/zh-innovation-api-zenchef/htdocs/api.zenchef.zh-innovation.tech/vendor/laravel/framework/src/Illuminate/Foundation/Http/Middleware/TrimStrings.php(51): Illuminate\\Foundation\\Http\\Middleware\\TransformsRequest->handle()
#29 /home/zh-innovation-api-zenchef/htdocs/api.zenchef.zh-innovation.tech/vendor/laravel/framework/src/Illuminate/Pipeline/Pipeline.php(219): Illuminate\\Foundation\\Http\\Middleware\\TrimStrings->handle()
#30 /home/zh-innovation-api-zenchef/htdocs/api.zenchef.zh-innovation.tech/vendor/laravel/framework/src/Illuminate/Http/Middleware/ValidatePostSize.php(27): Illuminate\\Pipeline\\Pipeline->{closure:{closure:Illuminate\\Pipeline\\Pipeline::carry():194}:195}()
#31 /home/zh-innovation-api-zenchef/htdocs/api.zenchef.zh-innovation.tech/vendor/laravel/framework/src/Illuminate/Pipeline/Pipeline.php(219): Illuminate\\Http\\Middleware\\ValidatePostSize->handle()
#32 /home/zh-innovation-api-zenchef/htdocs/api.zenchef.zh-innovation.tech/vendor/laravel/framework/src/Illuminate/Foundation/Http/Middleware/PreventRequestsDuringMaintenance.php(110): Illuminate\\Pipeline\\Pipeline->{closure:{closure:Illuminate\\Pipeline\\Pipeline::carry():194}:195}()
#33 /home/zh-innovation-api-zenchef/htdocs/api.zenchef.zh-innovation.tech/vendor/laravel/framework/src/Illuminate/Pipeline/Pipeline.php(219): Illuminate\\Foundation\\Http\\Middleware\\PreventRequestsDuringMaintenance->handle()
#34 /home/zh-innovation-api-zenchef/htdocs/api.zenchef.zh-innovation.tech/vendor/laravel/framework/src/Illuminate/Http/Middleware/HandleCors.php(74): Illuminate\\Pipeline\\Pipeline->{closure:{closure:Illuminate\\Pipeline\\Pipeline::carry():194}:195}()
#35 /home/zh-innovation-api-zenchef/htdocs/api.zenchef.zh-innovation.tech/vendor/laravel/framework/src/Illuminate/Pipeline/Pipeline.php(219): Illuminate\\Http\\Middleware\\HandleCors->handle()
#36 /home/zh-innovation-api-zenchef/htdocs/api.zenchef.zh-innovation.tech/vendor/laravel/framework/src/Illuminate/Http/Middleware/TrustProxies.php(58): Illuminate\\Pipeline\\Pipeline->{closure:{closure:Illuminate\\Pipeline\\Pipeline::carry():194}:195}()
#37 /home/zh-innovation-api-zenchef/htdocs/api.zenchef.zh-innovation.tech/vendor/laravel/framework/src/Illuminate/Pipeline/Pipeline.php(219): Illuminate\\Http\\Middleware\\TrustProxies->handle()
#38 /home/zh-innovation-api-zenchef/htdocs/api.zenchef.zh-innovation.tech/vendor/laravel/framework/src/Illuminate/Foundation/Http/Middleware/InvokeDeferredCallbacks.php(22): Illuminate\\Pipeline\\Pipeline->{closure:{closure:Illuminate\\Pipeline\\Pipeline::carry():194}:195}()
#39 /home/zh-innovation-api-zenchef/htdocs/api.zenchef.zh-innovation.tech/vendor/laravel/framework/src/Illuminate/Pipeline/Pipeline.php(219): Illuminate\\Foundation\\Http\\Middleware\\InvokeDeferredCallbacks->handle()
#40 /home/zh-innovation-api-zenchef/htdocs/api.zenchef.zh-innovation.tech/vendor/laravel/framework/src/Illuminate/Http/Middleware/ValidatePathEncoding.php(28): Illuminate\\Pipeline\\Pipeline->{closure:{closure:Illuminate\\Pipeline\\Pipeline::carry():194}:195}()
#41 /home/zh-innovation-api-zenchef/htdocs/api.zenchef.zh-innovation.tech/vendor/laravel/framework/src/Illuminate/Pipeline/Pipeline.php(219): Illuminate\\Http\\Middleware\\ValidatePathEncoding->handle()
#42 /home/zh-innovation-api-zenchef/htdocs/api.zenchef.zh-innovation.tech/vendor/laravel/framework/src/Illuminate/Pipeline/Pipeline.php(137): Illuminate\\Pipeline\\Pipeline->{closure:{closure:Illuminate\\Pipeline\\Pipeline::carry():194}:195}()
#43 /home/zh-innovation-api-zenchef/htdocs/api.zenchef.zh-innovation.tech/vendor/laravel/framework/src/Illuminate/Foundation/Http/Kernel.php(175): Illuminate\\Pipeline\\Pipeline->then()
#44 /home/zh-innovation-api-zenchef/htdocs/api.zenchef.zh-innovation.tech/vendor/laravel/framework/src/Illuminate/Foundation/Http/Kernel.php(144): Illuminate\\Foundation\\Http\\Kernel->sendRequestThroughRouter()
#45 /home/zh-innovation-api-zenchef/htdocs/api.zenchef.zh-innovation.tech/vendor/laravel/framework/src/Illuminate/Foundation/Application.php(1227): Illuminate\\Foundation\\Http\\Kernel->handle()
#46 /home/zh-innovation-api-zenchef/htdocs/api.zenchef.zh-innovation.tech/public/index.php(20): Illuminate\\Foundation\\Application->handleRequest()
#47 {main}
"} 
[2026-09-10 08:54:35] local.ERROR: لا يمكن استخدام النقاط المطلوبة: تحقق من الحد الأدنى والرصيد وقيمة الطلب. {"exception":"[object] (App\\Exceptions\\InsufficientLoyaltyPointsException(code: 0): لا يمكن استخدام النقاط المطلوبة: تحقق من الحد الأدنى والرصيد وقيمة الطلب. at /home/zh-innovation-api-zenchef/htdocs/api.zenchef.zh-innovation.tech/app/Services/LoyaltyService.php:57)
[stacktrace]
#0 /home/zh-innovation-api-zenchef/htdocs/api.zenchef.zh-innovation.tech/vendor/laravel/framework/src/Illuminate/Database/Concerns/ManagesTransactions.php(35): App\\Services\\LoyaltyService->{closure:App\\Services\\LoyaltyService::redeemPoints():50}()
#1 /home/zh-innovation-api-zenchef/htdocs/api.zenchef.zh-innovation.tech/vendor/laravel/framework/src/Illuminate/Database/DatabaseManager.php(502): Illuminate\\Database\\Connection->transaction()
#2 /home/zh-innovation-api-zenchef/htdocs/api.zenchef.zh-innovation.tech/vendor/laravel/framework/src/Illuminate/Support/Facades/Facade.php(364): Illuminate\\Database\\DatabaseManager->__call()
#3 /home/zh-innovation-api-zenchef/htdocs/api.zenchef.zh-innovation.tech/app/Services/LoyaltyService.php(50): Illuminate\\Support\\Facades\\Facade::__callStatic()
#4 /home/zh-innovation-api-zenchef/htdocs/api.zenchef.zh-innovation.tech/app/Services/OrderService.php(65): App\\Services\\LoyaltyService->redeemPoints()
#5 /home/zh-innovation-api-zenchef/htdocs/api.zenchef.zh-innovation.tech/vendor/laravel/framework/src/Illuminate/Database/Concerns/ManagesTransactions.php(35): App\\Services\\OrderService->{closure:App\\Services\\OrderService::create():29}()
#6 /home/zh-innovation-api-zenchef/htdocs/api.zenchef.zh-innovation.tech/vendor/laravel/framework/src/Illuminate/Database/DatabaseManager.php(502): Illuminate\\Database\\Connection->transaction()
#7 /home/zh-innovation-api-zenchef/htdocs/api.zenchef.zh-innovation.tech/vendor/laravel/framework/src/Illuminate/Support/Facades/Facade.php(364): Illuminate\\Database\\DatabaseManager->__call()
#8 /home/zh-innovation-api-zenchef/htdocs/api.zenchef.zh-innovation.tech/app/Services/OrderService.php(29): Illuminate\\Support\\Facades\\Facade::__callStatic()
#9 /home/zh-innovation-api-zenchef/htdocs/api.zenchef.zh-innovation.tech/app/Services/OrderService.php(19): App\\Services\\OrderService->create()
#10 /home/zh-innovation-api-zenchef/htdocs/api.zenchef.zh-innovation.tech/app/Http/Controllers/Api/Menu/MenuOrderController.php(28): App\\Services\\OrderService->createOrder()
#11 /home/zh-innovation-api-zenchef/htdocs/api.zenchef.zh-innovation.tech/vendor/laravel/framework/src/Illuminate/Routing/ControllerDispatcher.php(46): App\\Http\\Controllers\\Api\\Menu\\MenuOrderController->store()
#12 /home/zh-innovation-api-zenchef/htdocs/api.zenchef.zh-innovation.tech/vendor/laravel/framework/src/Illuminate/Routing/Route.php(276): Illuminate\\Routing\\ControllerDispatcher->dispatch()
#13 /home/zh-innovation-api-zenchef/htdocs/api.zenchef.zh-innovation.tech/vendor/laravel/framework/src/Illuminate/Routing/Route.php(216): Illuminate\\Routing\\Route->runController()
#14 /home/zh-innovation-api-zenchef/htdocs/api.zenchef.zh-innovation.tech/vendor/laravel/framework/src/Illuminate/Routing/Router.php(822): Illuminate\\Routing\\Route->run()
#15 /home/zh-innovation-api-zenchef/htdocs/api.zenchef.zh-innovation.tech/vendor/laravel/framework/src/Illuminate/Pipeline/Pipeline.php(180): Illuminate\\Routing\\Router->{closure:Illuminate\\Routing\\Router::runRouteWithinStack():821}()
#16 /home/zh-innovation-api-zenchef/htdocs/api.zenchef.zh-innovation.tech/vendor/laravel/framework/src/Illuminate/Routing/Middleware/SubstituteBindings.php(52): Illuminate\\Pipeline\\Pipeline->{closure:Illuminate\\Pipeline\\Pipeline::prepareDestination():178}()
#17 /home/zh-innovation-api-zenchef/htdocs/api.zenchef.zh-innovation.tech/vendor/laravel/framework/src/Illuminate/Pipeline/Pipeline.php(219): Illuminate\\Routing\\Middleware\\SubstituteBindings->handle()
#18 /home/zh-innovation-api-zenchef/htdocs/api.zenchef.zh-innovation.tech/vendor/laravel/framework/src/Illuminate/Pipeline/Pipeline.php(137): Illuminate\\Pipeline\\Pipeline->{closure:{closure:Illuminate\\Pipeline\\Pipeline::carry():194}:195}()
#19 /home/zh-innovation-api-zenchef/htdocs/api.zenchef.zh-innovation.tech/vendor/laravel/framework/src/Illuminate/Routing/Router.php(821): Illuminate\\Pipeline\\Pipeline->then()
#20 /home/zh-innovation-api-zenchef/htdocs/api.zenchef.zh-innovation.tech/vendor/laravel/framework/src/Illuminate/Routing/Router.php(800): Illuminate\\Routing\\Router->runRouteWithinStack()
#21 /home/zh-innovation-api-zenchef/htdocs/api.zenchef.zh-innovation.tech/vendor/laravel/framework/src/Illuminate/Routing/Router.php(764): Illuminate\\Routing\\Router->runRoute()
#22 /home/zh-innovation-api-zenchef/htdocs/api.zenchef.zh-innovation.tech/vendor/laravel/framework/src/Illuminate/Routing/Router.php(753): Illuminate\\Routing\\Router->dispatchToRoute()
#23 /home/zh-innovation-api-zenchef/htdocs/api.zenchef.zh-innovation.tech/vendor/laravel/framework/src/Illuminate/Foundation/Http/Kernel.php(200): Illuminate\\Routing\\Router->dispatch()
#24 /home/zh-innovation-api-zenchef/htdocs/api.zenchef.zh-innovation.tech/vendor/laravel/framework/src/Illuminate/Pipeline/Pipeline.php(180): Illuminate\\Foundation\\Http\\Kernel->{closure:Illuminate\\Foundation\\Http\\Kernel::dispatchToRouter():197}()
#25 /home/zh-innovation-api-zenchef/htdocs/api.zenchef.zh-innovation.tech/vendor/laravel/framework/src/Illuminate/Foundation/Http/Middleware/TransformsRequest.php(21): Illuminate\\Pipeline\\Pipeline->{closure:Illuminate\\Pipeline\\Pipeline::prepareDestination():178}()
#26 /home/zh-innovation-api-zenchef/htdocs/api.zenchef.zh-innovation.tech/vendor/laravel/framework/src/Illuminate/Foundation/Http/Middleware/ConvertEmptyStringsToNull.php(31): Illuminate\\Foundation\\Http\\Middleware\\TransformsRequest->handle()
#27 /home/zh-innovation-api-zenchef/htdocs/api.zenchef.zh-innovation.tech/vendor/laravel/framework/src/Illuminate/Pipeline/Pipeline.php(219): Illuminate\\Foundation\\Http\\Middleware\\ConvertEmptyStringsToNull->handle()
#28 /home/zh-innovation-api-zenchef/htdocs/api.zenchef.zh-innovation.tech/vendor/laravel/framework/src/Illuminate/Foundation/Http/Middleware/TransformsRequest.php(21): Illuminate\\Pipeline\\Pipeline->{closure:{closure:Illuminate\\Pipeline\\Pipeline::carry():194}:195}()
#29 /home/zh-innovation-api-zenchef/htdocs/api.zenchef.zh-innovation.tech/vendor/laravel/framework/src/Illuminate/Foundation/Http/Middleware/TrimStrings.php(51): Illuminate\\Foundation\\Http\\Middleware\\TransformsRequest->handle()
#30 /home/zh-innovation-api-zenchef/htdocs/api.zenchef.zh-innovation.tech/vendor/laravel/framework/src/Illuminate/Pipeline/Pipeline.php(219): Illuminate\\Foundation\\Http\\Middleware\\TrimStrings->handle()
#31 /home/zh-innovation-api-zenchef/htdocs/api.zenchef.zh-innovation.tech/vendor/laravel/framework/src/Illuminate/Http/Middleware/ValidatePostSize.php(27): Illuminate\\Pipeline\\Pipeline->{closure:{closure:Illuminate\\Pipeline\\Pipeline::carry():194}:195}()
#32 /home/zh-innovation-api-zenchef/htdocs/api.zenchef.zh-innovation.tech/vendor/laravel/framework/src/Illuminate/Pipeline/Pipeline.php(219): Illuminate\\Http\\Middleware\\ValidatePostSize->handle()
#33 /home/zh-innovation-api-zenchef/htdocs/api.zenchef.zh-innovation.tech/vendor/laravel/framework/src/Illuminate/Foundation/Http/Middleware/PreventRequestsDuringMaintenance.php(110): Illuminate\\Pipeline\\Pipeline->{closure:{closure:Illuminate\\Pipeline\\Pipeline::carry():194}:195}()
#34 /home/zh-innovation-api-zenchef/htdocs/api.zenchef.zh-innovation.tech/vendor/laravel/framework/src/Illuminate/Pipeline/Pipeline.php(219): Illuminate\\Foundation\\Http\\Middleware\\PreventRequestsDuringMaintenance->handle()
#35 /home/zh-innovation-api-zenchef/htdocs/api.zenchef.zh-innovation.tech/vendor/laravel/framework/src/Illuminate/Http/Middleware/HandleCors.php(74): Illuminate\\Pipeline\\Pipeline->{closure:{closure:Illuminate\\Pipeline\\Pipeline::carry():194}:195}()
#36 /home/zh-innovation-api-zenchef/htdocs/api.zenchef.zh-innovation.tech/vendor/laravel/framework/src/Illuminate/Pipeline/Pipeline.php(219): Illuminate\\Http\\Middleware\\HandleCors->handle()
#37 /home/zh-innovation-api-zenchef/htdocs/api.zenchef.zh-innovation.tech/vendor/laravel/framework/src/Illuminate/Http/Middleware/TrustProxies.php(58): Illuminate\\Pipeline\\Pipeline->{closure:{closure:Illuminate\\Pipeline\\Pipeline::carry():194}:195}()
#38 /home/zh-innovation-api-zenchef/htdocs/api.zenchef.zh-innovation.tech/vendor/laravel/framework/src/Illuminate/Pipeline/Pipeline.php(219): Illuminate\\Http\\Middleware\\TrustProxies->handle()
#39 /home/zh-innovation-api-zenchef/htdocs/api.zenchef.zh-innovation.tech/vendor/laravel/framework/src/Illuminate/Foundation/Http/Middleware/InvokeDeferredCallbacks.php(22): Illuminate\\Pipeline\\Pipeline->{closure:{closure:Illuminate\\Pipeline\\Pipeline::carry():194}:195}()
#40 /home/zh-innovation-api-zenchef/htdocs/api.zenchef.zh-innovation.tech/vendor/laravel/framework/src/Illuminate/Pipeline/Pipeline.php(219): Illuminate\\Foundation\\Http\\Middleware\\InvokeDeferredCallbacks->handle()
#41 /home/zh-innovation-api-zenchef/htdocs/api.zenchef.zh-innovation.tech/vendor/laravel/framework/src/Illuminate/Http/Middleware/ValidatePathEncoding.php(28): Illuminate\\Pipeline\\Pipeline->{closure:{closure:Illuminate\\Pipeline\\Pipeline::carry():194}:195}()
#42 /home/zh-innovation-api-zenchef/htdocs/api.zenchef.zh-innovation.tech/vendor/laravel/framework/src/Illuminate/Pipeline/Pipeline.php(219): Illuminate\\Http\\Middleware\\ValidatePathEncoding->handle()
#43 /home/zh-innovation-api-zenchef/htdocs/api.zenchef.zh-innovation.tech/vendor/laravel/framework/src/Illuminate/Pipeline/Pipeline.php(137): Illuminate\\Pipeline\\Pipeline->{closure:{closure:Illuminate\\Pipeline\\Pipeline::carry():194}:195}()
#44 /home/zh-innovation-api-zenchef/htdocs/api.zenchef.zh-innovation.tech/vendor/laravel/framework/src/Illuminate/Foundation/Http/Kernel.php(175): Illuminate\\Pipeline\\Pipeline->then()
#45 /home/zh-innovation-api-zenchef/htdocs/api.zenchef.zh-innovation.tech/vendor/laravel/framework/src/Illuminate/Foundation/Http/Kernel.php(144): Illuminate\\Foundation\\Http\\Kernel->sendRequestThroughRouter()
#46 /home/zh-innovation-api-zenchef/htdocs/api.zenchef.zh-innovation.tech/vendor/laravel/framework/src/Illuminate/Foundation/Application.php(1227): Illuminate\\Foundation\\Http\\Kernel->handle()
#47 /home/zh-innovation-api-zenchef/htdocs/api.zenchef.zh-innovation.tech/public/index.php(20): Illuminate\\Foundation\\Application->handleRequest()
#48 {main}
"} 
[2026-09-14 07:17:31] local.ERROR: SQLSTATE[HY000]: General error: 1824 Failed to open the referenced table 'products' (Connection: mysql, Host: 127.0.0.1, Port: 3306, Database: zenchef, SQL: alter table `product_images` add constraint `product_images_product_id_foreign` foreign key (`product_id`) references `products` (`id`) on delete cascade) {"exception":"[object] (Illuminate\\Database\\QueryException(code: HY000): SQLSTATE[HY000]: General error: 1824 Failed to open the referenced table 'products' (Connection: mysql, Host: 127.0.0.1, Port: 3306, Database: zenchef, SQL: alter table `product_images` add constraint `product_images_product_id_foreign` foreign key (`product_id`) references `products` (`id`) on delete cascade) at /home/zh-innovation-api-zenchef/htdocs/api.zenchef.zh-innovation.tech/vendor/laravel/framework/src/Illuminate/Database/Connection.php:857)
[stacktrace]
#0 /home/zh-innovation-api-zenchef/htdocs/api.zenchef.zh-innovation.tech/vendor/laravel/framework/src/Illuminate/Database/Connection.php(813): Illuminate\\Database\\Connection->runQueryCallback()
#1 /home/zh-innovation-api-zenchef/htdocs/api.zenchef.zh-innovation.tech/vendor/laravel/framework/src/Illuminate/Database/Connection.php(590): Illuminate\\Database\\Connection->run()
#2 /home/zh-innovation-api-zenchef/htdocs/api.zenchef.zh-innovation.tech/vendor/laravel/framework/src/Illuminate/Database/Schema/Blueprint.php(122): Illuminate\\Database\\Connection->statement()
#3 /home/zh-innovation-api-zenchef/htdocs/api.zenchef.zh-innovation.tech/vendor/laravel/framework/src/Illuminate/Database/Schema/Builder.php(702): Illuminate\\Database\\Schema\\Blueprint->build()
#4 /home/zh-innovation-api-zenchef/htdocs/api.zenchef.zh-innovation.tech/vendor/laravel/framework/src/Illuminate/Database/Schema/Builder.php(520): Illuminate\\Database\\Schema\\Builder->build()
#5 /home/zh-innovation-api-zenchef/htdocs/api.zenchef.zh-innovation.tech/vendor/laravel/framework/src/Illuminate/Support/Facades/Facade.php(364): Illuminate\\Database\\Schema\\Builder->create()
#6 /home/zh-innovation-api-zenchef/htdocs/api.zenchef.zh-innovation.tech/database/migrations/2026_09_09_000001_add_product_images.php(11): Illuminate\\Support\\Facades\\Facade::__callStatic()
#7 /home/zh-innovation-api-zenchef/htdocs/api.zenchef.zh-innovation.tech/vendor/laravel/framework/src/Illuminate/Database/Migrations/Migrator.php(517): Illuminate\\Database\\Migrations\\Migration@anonymous->up()
#8 /home/zh-innovation-api-zenchef/htdocs/api.zenchef.zh-innovation.tech/vendor/laravel/framework/src/Illuminate/Database/Migrations/Migrator.php(442): Illuminate\\Database\\Migrations\\Migrator->runMethod()
#9 /home/zh-innovation-api-zenchef/htdocs/api.zenchef.zh-innovation.tech/vendor/laravel/framework/src/Illuminate/Database/Migrations/Migrator.php(451): Illuminate\\Database\\Migrations\\Migrator->{closure:Illuminate\\Database\\Migrations\\Migrator::runMigration():438}()
#10 /home/zh-innovation-api-zenchef/htdocs/api.zenchef.zh-innovation.tech/vendor/laravel/framework/src/Illuminate/Database/Migrations/Migrator.php(253): Illuminate\\Database\\Migrations\\Migrator->runMigration()
#11 /home/zh-innovation-api-zenchef/htdocs/api.zenchef.zh-innovation.tech/vendor/laravel/framework/src/Illuminate/Console/View/Components/Task.php(43): Illuminate\\Database\\Migrations\\Migrator->{closure:Illuminate\\Database\\Migrations\\Migrator::runUp():253}()
#12 /home/zh-innovation-api-zenchef/htdocs/api.zenchef.zh-innovation.tech/vendor/laravel/framework/src/Illuminate/Database/Migrations/Migrator.php(853): Illuminate\\Console\\View\\Components\\Task->render()
#13 /home/zh-innovation-api-zenchef/htdocs/api.zenchef.zh-innovation.tech/vendor/laravel/framework/src/Illuminate/Database/Migrations/Migrator.php(253): Illuminate\\Database\\Migrations\\Migrator->write()
#14 /home/zh-innovation-api-zenchef/htdocs/api.zenchef.zh-innovation.tech/vendor/laravel/framework/src/Illuminate/Database/Migrations/Migrator.php(211): Illuminate\\Database\\Migrations\\Migrator->runUp()
#15 /home/zh-innovation-api-zenchef/htdocs/api.zenchef.zh-innovation.tech/vendor/laravel/framework/src/Illuminate/Database/Migrations/Migrator.php(138): Illuminate\\Database\\Migrations\\Migrator->runPending()
#16 /home/zh-innovation-api-zenchef/htdocs/api.zenchef.zh-innovation.tech/vendor/laravel/framework/src/Illuminate/Database/Console/Migrations/MigrateCommand.php(118): Illuminate\\Database\\Migrations\\Migrator->run()
#17 /home/zh-innovation-api-zenchef/htdocs/api.zenchef.zh-innovation.tech/vendor/laravel/framework/src/Illuminate/Database/Migrations/Migrator.php(672): Illuminate\\Database\\Console\\Migrations\\MigrateCommand->{closure:Illuminate\\Database\\Console\\Migrations\\MigrateCommand::runMigrations():111}()
#18 /home/zh-innovation-api-zenchef/htdocs/api.zenchef.zh-innovation.tech/vendor/laravel/framework/src/Illuminate/Database/Console/Migrations/MigrateCommand.php(111): Illuminate\\Database\\Migrations\\Migrator->usingConnection()
#19 /home/zh-innovation-api-zenchef/htdocs/api.zenchef.zh-innovation.tech/vendor/laravel/framework/src/Illuminate/Database/Console/Migrations/MigrateCommand.php(90): Illuminate\\Database\\Console\\Migrations\\MigrateCommand->runMigrations()
#20 /home/zh-innovation-api-zenchef/htdocs/api.zenchef.zh-innovation.tech/vendor/laravel/framework/src/Illuminate/Container/BoundMethod.php(36): Illuminate\\Database\\Console\\Migrations\\MigrateCommand->handle()
#21 /home/zh-innovation-api-zenchef/htdocs/api.zenchef.zh-innovation.tech/vendor/laravel/framework/src/Illuminate/Container/Util.php(43): Illuminate\\Container\\BoundMethod::{closure:Illuminate\\Container\\BoundMethod::call():35}()
#22 /home/zh-innovation-api-zenchef/htdocs/api.zenchef.zh-innovation.tech/vendor/laravel/framework/src/Illuminate/Container/BoundMethod.php(96): Illuminate\\Container\\Util::unwrapIfClosure()
#23 /home/zh-innovation-api-zenchef/htdocs/api.zenchef.zh-innovation.tech/vendor/laravel/framework/src/Illuminate/Container/BoundMethod.php(35): Illuminate\\Container\\BoundMethod::callBoundMethod()
#24 /home/zh-innovation-api-zenchef/htdocs/api.zenchef.zh-innovation.tech/vendor/laravel/framework/src/Illuminate/Container/Container.php(803): Illuminate\\Container\\BoundMethod::call()
#25 /home/zh-innovation-api-zenchef/htdocs/api.zenchef.zh-innovation.tech/vendor/laravel/framework/src/Illuminate/Console/Command.php(292): Illuminate\\Container\\Container->call()
#26 /home/zh-innovation-api-zenchef/htdocs/api.zenchef.zh-innovation.tech/vendor/symfony/console/Command/Command.php(341): Illuminate\\Console\\Command->execute()
#27 /home/zh-innovation-api-zenchef/htdocs/api.zenchef.zh-innovation.tech/vendor/laravel/framework/src/Illuminate/Console/Command.php(261): Symfony\\Component\\Console\\Command\\Command->run()
#28 /home/zh-innovation-api-zenchef/htdocs/api.zenchef.zh-innovation.tech/vendor/symfony/console/Application.php(1117): Illuminate\\Console\\Command->run()
#29 /home/zh-innovation-api-zenchef/htdocs/api.zenchef.zh-innovation.tech/vendor/symfony/console/Application.php(356): Symfony\\Component\\Console\\Application->doRunCommand()
#30 /home/zh-innovation-api-zenchef/htdocs/api.zenchef.zh-innovation.tech/vendor/symfony/console/Application.php(195): Symfony\\Component\\Console\\Application->doRun()
#31 /home/zh-innovation-api-zenchef/htdocs/api.zenchef.zh-innovation.tech/vendor/laravel/framework/src/Illuminate/Foundation/Console/Kernel.php(198): Symfony\\Component\\Console\\Application->run()
#32 /home/zh-innovation-api-zenchef/htdocs/api.zenchef.zh-innovation.tech/vendor/laravel/framework/src/Illuminate/Foundation/Application.php(1242): Illuminate\\Foundation\\Console\\Kernel->handle()
#33 /home/zh-innovation-api-zenchef/htdocs/api.zenchef.zh-innovation.tech/artisan(16): Illuminate\\Foundation\\Application->handleCommand()
#34 {main}

[previous exception] [object] (PDOException(code: HY000): SQLSTATE[HY000]: General error: 1824 Failed to open the referenced table 'products' at /home/zh-innovation-api-zenchef/htdocs/api.zenchef.zh-innovation.tech/vendor/laravel/framework/src/Illuminate/Database/Connection.php:601)
[stacktrace]
#0 /home/zh-innovation-api-zenchef/htdocs/api.zenchef.zh-innovation.tech/vendor/laravel/framework/src/Illuminate/Database/Connection.php(601): PDOStatement->execute()
#1 /home/zh-innovation-api-zenchef/htdocs/api.zenchef.zh-innovation.tech/vendor/laravel/framework/src/Illuminate/Database/Connection.php(846): Illuminate\\Database\\Connection->{closure:Illuminate\\Database\\Connection::statement():590}()
#2 /home/zh-innovation-api-zenchef/htdocs/api.zenchef.zh-innovation.tech/vendor/laravel/framework/src/Illuminate/Database/Connection.php(813): Illuminate\\Database\\Connection->runQueryCallback()
#3 /home/zh-innovation-api-zenchef/htdocs/api.zenchef.zh-innovation.tech/vendor/laravel/framework/src/Illuminate/Database/Connection.php(590): Illuminate\\Database\\Connection->run()
#4 /home/zh-innovation-api-zenchef/htdocs/api.zenchef.zh-innovation.tech/vendor/laravel/framework/src/Illuminate/Database/Schema/Blueprint.php(122): Illuminate\\Database\\Connection->statement()
#5 /home/zh-innovation-api-zenchef/htdocs/api.zenchef.zh-innovation.tech/vendor/laravel/framework/src/Illuminate/Database/Schema/Builder.php(702): Illuminate\\Database\\Schema\\Blueprint->build()
#6 /home/zh-innovation-api-zenchef/htdocs/api.zenchef.zh-innovation.tech/vendor/laravel/framework/src/Illuminate/Database/Schema/Builder.php(520): Illuminate\\Database\\Schema\\Builder->build()
#7 /home/zh-innovation-api-zenchef/htdocs/api.zenchef.zh-innovation.tech/vendor/laravel/framework/src/Illuminate/Support/Facades/Facade.php(364): Illuminate\\Database\\Schema\\Builder->create()
#8 /home/zh-innovation-api-zenchef/htdocs/api.zenchef.zh-innovation.tech/database/migrations/2026_09_09_000001_add_product_images.php(11): Illuminate\\Support\\Facades\\Facade::__callStatic()
#9 /home/zh-innovation-api-zenchef/htdocs/api.zenchef.zh-innovation.tech/vendor/laravel/framework/src/Illuminate/Database/Migrations/Migrator.php(517): Illuminate\\Database\\Migrations\\Migration@anonymous->up()
#10 /home/zh-innovation-api-zenchef/htdocs/api.zenchef.zh-innovation.tech/vendor/laravel/framework/src/Illuminate/Database/Migrations/Migrator.php(442): Illuminate\\Database\\Migrations\\Migrator->runMethod()
#11 /home/zh-innovation-api-zenchef/htdocs/api.zenchef.zh-innovation.tech/vendor/laravel/framework/src/Illuminate/Database/Migrations/Migrator.php(451): Illuminate\\Database\\Migrations\\Migrator->{closure:Illuminate\\Database\\Migrations\\Migrator::runMigration():438}()
#12 /home/zh-innovation-api-zenchef/htdocs/api.zenchef.zh-innovation.tech/vendor/laravel/framework/src/Illuminate/Database/Migrations/Migrator.php(253): Illuminate\\Database\\Migrations\\Migrator->runMigration()
#13 /home/zh-innovation-api-zenchef/htdocs/api.zenchef.zh-innovation.tech/vendor/laravel/framework/src/Illuminate/Console/View/Components/Task.php(43): Illuminate\\Database\\Migrations\\Migrator->{closure:Illuminate\\Database\\Migrations\\Migrator::runUp():253}()
#14 /home/zh-innovation-api-zenchef/htdocs/api.zenchef.zh-innovation.tech/vendor/laravel/framework/src/Illuminate/Database/Migrations/Migrator.php(853): Illuminate\\Console\\View\\Components\\Task->render()
#15 /home/zh-innovation-api-zenchef/htdocs/api.zenchef.zh-innovation.tech/vendor/laravel/framework/src/Illuminate/Database/Migrations/Migrator.php(253): Illuminate\\Database\\Migrations\\Migrator->write()
#16 /home/zh-innovation-api-zenchef/htdocs/api.zenchef.zh-innovation.tech/vendor/laravel/framework/src/Illuminate/Database/Migrations/Migrator.php(211): Illuminate\\Database\\Migrations\\Migrator->runUp()
#17 /home/zh-innovation-api-zenchef/htdocs/api.zenchef.zh-innovation.tech/vendor/laravel/framework/src/Illuminate/Database/Migrations/Migrator.php(138): Illuminate\\Database\\Migrations\\Migrator->runPending()
#18 /home/zh-innovation-api-zenchef/htdocs/api.zenchef.zh-innovation.tech/vendor/laravel/framework/src/Illuminate/Database/Console/Migrations/MigrateCommand.php(118): Illuminate\\Database\\Migrations\\Migrator->run()
#19 /home/zh-innovation-api-zenchef/htdocs/api.zenchef.zh-innovation.tech/vendor/laravel/framework/src/Illuminate/Database/Migrations/Migrator.php(672): Illuminate\\Database\\Console\\Migrations\\MigrateCommand->{closure:Illuminate\\Database\\Console\\Migrations\\MigrateCommand::runMigrations():111}()
#20 /home/zh-innovation-api-zenchef/htdocs/api.zenchef.zh-innovation.tech/vendor/laravel/framework/src/Illuminate/Database/Console/Migrations/MigrateCommand.php(111): Illuminate\\Database\\Migrations\\Migrator->usingConnection()
#21 /home/zh-innovation-api-zenchef/htdocs/api.zenchef.zh-innovation.tech/vendor/laravel/framework/src/Illuminate/Database/Console/Migrations/MigrateCommand.php(90): Illuminate\\Database\\Console\\Migrations\\MigrateCommand->runMigrations()
#22 /home/zh-innovation-api-zenchef/htdocs/api.zenchef.zh-innovation.tech/vendor/laravel/framework/src/Illuminate/Container/BoundMethod.php(36): Illuminate\\Database\\Console\\Migrations\\MigrateCommand->handle()
#23 /home/zh-innovation-api-zenchef/htdocs/api.zenchef.zh-innovation.tech/vendor/laravel/framework/src/Illuminate/Container/Util.php(43): Illuminate\\Container\\BoundMethod::{closure:Illuminate\\Container\\BoundMethod::call():35}()
#24 /home/zh-innovation-api-zenchef/htdocs/api.zenchef.zh-innovation.tech/vendor/laravel/framework/src/Illuminate/Container/BoundMethod.php(96): Illuminate\\Container\\Util::unwrapIfClosure()
#25 /home/zh-innovation-api-zenchef/htdocs/api.zenchef.zh-innovation.tech/vendor/laravel/framework/src/Illuminate/Container/BoundMethod.php(35): Illuminate\\Container\\BoundMethod::callBoundMethod()
#26 /home/zh-innovation-api-zenchef/htdocs/api.zenchef.zh-innovation.tech/vendor/laravel/framework/src/Illuminate/Container/Container.php(803): Illuminate\\Container\\BoundMethod::call()
#27 /home/zh-innovation-api-zenchef/htdocs/api.zenchef.zh-innovation.tech/vendor/laravel/framework/src/Illuminate/Console/Command.php(292): Illuminate\\Container\\Container->call()
#28 /home/zh-innovation-api-zenchef/htdocs/api.zenchef.zh-innovation.tech/vendor/symfony/console/Command/Command.php(341): Illuminate\\Console\\Command->execute()
#29 /home/zh-innovation-api-zenchef/htdocs/api.zenchef.zh-innovation.tech/vendor/laravel/framework/src/Illuminate/Console/Command.php(261): Symfony\\Component\\Console\\Command\\Command->run()
#30 /home/zh-innovation-api-zenchef/htdocs/api.zenchef.zh-innovation.tech/vendor/symfony/console/Application.php(1117): Illuminate\\Console\\Command->run()
#31 /home/zh-innovation-api-zenchef/htdocs/api.zenchef.zh-innovation.tech/vendor/symfony/console/Application.php(356): Symfony\\Component\\Console\\Application->doRunCommand()
#32 /home/zh-innovation-api-zenchef/htdocs/api.zenchef.zh-innovation.tech/vendor/symfony/console/Application.php(195): Symfony\\Component\\Console\\Application->doRun()
#33 /home/zh-innovation-api-zenchef/htdocs/api.zenchef.zh-innovation.tech/vendor/laravel/framework/src/Illuminate/Foundation/Console/Kernel.php(198): Symfony\\Component\\Console\\Application->run()
#34 /home/zh-innovation-api-zenchef/htdocs/api.zenchef.zh-innovation.tech/vendor/laravel/framework/src/Illuminate/Foundation/Application.php(1242): Illuminate\\Foundation\\Console\\Kernel->handle()
#35 /home/zh-innovation-api-zenchef/htdocs/api.zenchef.zh-innovation.tech/artisan(16): Illuminate\\Foundation\\Application->handleCommand()
#36 {main}
"} 
[2026-09-14 07:20:42] local.ERROR: SQLSTATE[42S01]: Base table or view already exists: 1050 Table 'product_images' already exists (Connection: mysql, Host: 127.0.0.1, Port: 3306, Database: zenchef, SQL: create table `product_images` (`id` bigint unsigned not null auto_increment primary key, `product_id` bigint unsigned not null, `image_path` varchar(255) not null, `sort_order` int unsigned not null default '0', `created_at` timestamp null, `updated_at` timestamp null) default character set utf8mb4 collate 'utf8mb4_unicode_ci') {"exception":"[object] (Illuminate\\Database\\QueryException(code: 42S01): SQLSTATE[42S01]: Base table or view already exists: 1050 Table 'product_images' already exists (Connection: mysql, Host: 127.0.0.1, Port: 3306, Database: zenchef, SQL: create table `product_images` (`id` bigint unsigned not null auto_increment primary key, `product_id` bigint unsigned not null, `image_path` varchar(255) not null, `sort_order` int unsigned not null default '0', `created_at` timestamp null, `updated_at` timestamp null) default character set utf8mb4 collate 'utf8mb4_unicode_ci') at /home/zh-innovation-api-zenchef/htdocs/api.zenchef.zh-innovation.tech/vendor/laravel/framework/src/Illuminate/Database/Connection.php:857)
[stacktrace]
#0 /home/zh-innovation-api-zenchef/htdocs/api.zenchef.zh-innovation.tech/vendor/laravel/framework/src/Illuminate/Database/Connection.php(813): Illuminate\\Database\\Connection->runQueryCallback()
#1 /home/zh-innovation-api-zenchef/htdocs/api.zenchef.zh-innovation.tech/vendor/laravel/framework/src/Illuminate/Database/Connection.php(590): Illuminate\\Database\\Connection->run()
#2 /home/zh-innovation-api-zenchef/htdocs/api.zenchef.zh-innovation.tech/vendor/laravel/framework/src/Illuminate/Database/Schema/Blueprint.php(122): Illuminate\\Database\\Connection->statement()
#3 /home/zh-innovation-api-zenchef/htdocs/api.zenchef.zh-innovation.tech/vendor/laravel/framework/src/Illuminate/Database/Schema/Builder.php(702): Illuminate\\Database\\Schema\\Blueprint->build()
#4 /home/zh-innovation-api-zenchef/htdocs/api.zenchef.zh-innovation.tech/vendor/laravel/framework/src/Illuminate/Database/Schema/Builder.php(520): Illuminate\\Database\\Schema\\Builder->build()
#5 /home/zh-innovation-api-zenchef/htdocs/api.zenchef.zh-innovation.tech/vendor/laravel/framework/src/Illuminate/Support/Facades/Facade.php(364): Illuminate\\Database\\Schema\\Builder->create()
#6 /home/zh-innovation-api-zenchef/htdocs/api.zenchef.zh-innovation.tech/database/migrations/2026_09_09_000003_create_product_images_table.php(11): Illuminate\\Support\\Facades\\Facade::__callStatic()
#7 /home/zh-innovation-api-zenchef/htdocs/api.zenchef.zh-innovation.tech/vendor/laravel/framework/src/Illuminate/Database/Migrations/Migrator.php(517): Illuminate\\Database\\Migrations\\Migration@anonymous->up()
#8 /home/zh-innovation-api-zenchef/htdocs/api.zenchef.zh-innovation.tech/vendor/laravel/framework/src/Illuminate/Database/Migrations/Migrator.php(442): Illuminate\\Database\\Migrations\\Migrator->runMethod()
#9 /home/zh-innovation-api-zenchef/htdocs/api.zenchef.zh-innovation.tech/vendor/laravel/framework/src/Illuminate/Database/Migrations/Migrator.php(451): Illuminate\\Database\\Migrations\\Migrator->{closure:Illuminate\\Database\\Migrations\\Migrator::runMigration():438}()
#10 /home/zh-innovation-api-zenchef/htdocs/api.zenchef.zh-innovation.tech/vendor/laravel/framework/src/Illuminate/Database/Migrations/Migrator.php(253): Illuminate\\Database\\Migrations\\Migrator->runMigration()
#11 /home/zh-innovation-api-zenchef/htdocs/api.zenchef.zh-innovation.tech/vendor/laravel/framework/src/Illuminate/Console/View/Components/Task.php(43): Illuminate\\Database\\Migrations\\Migrator->{closure:Illuminate\\Database\\Migrations\\Migrator::runUp():253}()
#12 /home/zh-innovation-api-zenchef/htdocs/api.zenchef.zh-innovation.tech/vendor/laravel/framework/src/Illuminate/Database/Migrations/Migrator.php(853): Illuminate\\Console\\View\\Components\\Task->render()
#13 /home/zh-innovation-api-zenchef/htdocs/api.zenchef.zh-innovation.tech/vendor/laravel/framework/src/Illuminate/Database/Migrations/Migrator.php(253): Illuminate\\Database\\Migrations\\Migrator->write()
#14 /home/zh-innovation-api-zenchef/htdocs/api.zenchef.zh-innovation.tech/vendor/laravel/framework/src/Illuminate/Database/Migrations/Migrator.php(211): Illuminate\\Database\\Migrations\\Migrator->runUp()
#15 /home/zh-innovation-api-zenchef/htdocs/api.zenchef.zh-innovation.tech/vendor/laravel/framework/src/Illuminate/Database/Migrations/Migrator.php(138): Illuminate\\Database\\Migrations\\Migrator->runPending()
#16 /home/zh-innovation-api-zenchef/htdocs/api.zenchef.zh-innovation.tech/vendor/laravel/framework/src/Illuminate/Database/Console/Migrations/MigrateCommand.php(118): Illuminate\\Database\\Migrations\\Migrator->run()
#17 /home/zh-innovation-api-zenchef/htdocs/api.zenchef.zh-innovation.tech/vendor/laravel/framework/src/Illuminate/Database/Migrations/Migrator.php(672): Illuminate\\Database\\Console\\Migrations\\MigrateCommand->{closure:Illuminate\\Database\\Console\\Migrations\\MigrateCommand::runMigrations():111}()
#18 /home/zh-innovation-api-zenchef/htdocs/api.zenchef.zh-innovation.tech/vendor/laravel/framework/src/Illuminate/Database/Console/Migrations/MigrateCommand.php(111): Illuminate\\Database\\Migrations\\Migrator->usingConnection()
#19 /home/zh-innovation-api-zenchef/htdocs/api.zenchef.zh-innovation.tech/vendor/laravel/framework/src/Illuminate/Database/Console/Migrations/MigrateCommand.php(90): Illuminate\\Database\\Console\\Migrations\\MigrateCommand->runMigrations()
#20 /home/zh-innovation-api-zenchef/htdocs/api.zenchef.zh-innovation.tech/vendor/laravel/framework/src/Illuminate/Container/BoundMethod.php(36): Illuminate\\Database\\Console\\Migrations\\MigrateCommand->handle()
#21 /home/zh-innovation-api-zenchef/htdocs/api.zenchef.zh-innovation.tech/vendor/laravel/framework/src/Illuminate/Container/Util.php(43): Illuminate\\Container\\BoundMethod::{closure:Illuminate\\Container\\BoundMethod::call():35}()
#22 /home/zh-innovation-api-zenchef/htdocs/api.zenchef.zh-innovation.tech/vendor/laravel/framework/src/Illuminate/Container/BoundMethod.php(96): Illuminate\\Container\\Util::unwrapIfClosure()
#23 /home/zh-innovation-api-zenchef/htdocs/api.zenchef.zh-innovation.tech/vendor/laravel/framework/src/Illuminate/Container/BoundMethod.php(35): Illuminate\\Container\\BoundMethod::callBoundMethod()
#24 /home/zh-innovation-api-zenchef/htdocs/api.zenchef.zh-innovation.tech/vendor/laravel/framework/src/Illuminate/Container/Container.php(803): Illuminate\\Container\\BoundMethod::call()
#25 /home/zh-innovation-api-zenchef/htdocs/api.zenchef.zh-innovation.tech/vendor/laravel/framework/src/Illuminate/Console/Command.php(292): Illuminate\\Container\\Container->call()
#26 /home/zh-innovation-api-zenchef/htdocs/api.zenchef.zh-innovation.tech/vendor/symfony/console/Command/Command.php(341): Illuminate\\Console\\Command->execute()
#27 /home/zh-innovation-api-zenchef/htdocs/api.zenchef.zh-innovation.tech/vendor/laravel/framework/src/Illuminate/Console/Command.php(261): Symfony\\Component\\Console\\Command\\Command->run()
#28 /home/zh-innovation-api-zenchef/htdocs/api.zenchef.zh-innovation.tech/vendor/symfony/console/Application.php(1117): Illuminate\\Console\\Command->run()
#29 /home/zh-innovation-api-zenchef/htdocs/api.zenchef.zh-innovation.tech/vendor/symfony/console/Application.php(356): Symfony\\Component\\Console\\Application->doRunCommand()
#30 /home/zh-innovation-api-zenchef/htdocs/api.zenchef.zh-innovation.tech/vendor/symfony/console/Application.php(195): Symfony\\Component\\Console\\Application->doRun()
#31 /home/zh-innovation-api-zenchef/htdocs/api.zenchef.zh-innovation.tech/vendor/laravel/framework/src/Illuminate/Foundation/Console/Kernel.php(198): Symfony\\Component\\Console\\Application->run()
#32 /home/zh-innovation-api-zenchef/htdocs/api.zenchef.zh-innovation.tech/vendor/laravel/framework/src/Illuminate/Foundation/Application.php(1242): Illuminate\\Foundation\\Console\\Kernel->handle()
#33 /home/zh-innovation-api-zenchef/htdocs/api.zenchef.zh-innovation.tech/artisan(16): Illuminate\\Foundation\\Application->handleCommand()
#34 {main}

[previous exception] [object] (PDOException(code: 42S01): SQLSTATE[42S01]: Base table or view already exists: 1050 Table 'product_images' already exists at /home/zh-innovation-api-zenchef/htdocs/api.zenchef.zh-innovation.tech/vendor/laravel/framework/src/Illuminate/Database/Connection.php:601)
[stacktrace]
#0 /home/zh-innovation-api-zenchef/htdocs/api.zenchef.zh-innovation.tech/vendor/laravel/framework/src/Illuminate/Database/Connection.php(601): PDOStatement->execute()
#1 /home/zh-innovation-api-zenchef/htdocs/api.zenchef.zh-innovation.tech/vendor/laravel/framework/src/Illuminate/Database/Connection.php(846): Illuminate\\Database\\Connection->{closure:Illuminate\\Database\\Connection::statement():590}()
#2 /home/zh-innovation-api-zenchef/htdocs/api.zenchef.zh-innovation.tech/vendor/laravel/framework/src/Illuminate/Database/Connection.php(813): Illuminate\\Database\\Connection->runQueryCallback()
#3 /home/zh-innovation-api-zenchef/htdocs/api.zenchef.zh-innovation.tech/vendor/laravel/framework/src/Illuminate/Database/Connection.php(590): Illuminate\\Database\\Connection->run()
#4 /home/zh-innovation-api-zenchef/htdocs/api.zenchef.zh-innovation.tech/vendor/laravel/framework/src/Illuminate/Database/Schema/Blueprint.php(122): Illuminate\\Database\\Connection->statement()
#5 /home/zh-innovation-api-zenchef/htdocs/api.zenchef.zh-innovation.tech/vendor/laravel/framework/src/Illuminate/Database/Schema/Builder.php(702): Illuminate\\Database\\Schema\\Blueprint->build()
#6 /home/zh-innovation-api-zenchef/htdocs/api.zenchef.zh-innovation.tech/vendor/laravel/framework/src/Illuminate/Database/Schema/Builder.php(520): Illuminate\\Database\\Schema\\Builder->build()
#7 /home/zh-innovation-api-zenchef/htdocs/api.zenchef.zh-innovation.tech/vendor/laravel/framework/src/Illuminate/Support/Facades/Facade.php(364): Illuminate\\Database\\Schema\\Builder->create()
#8 /home/zh-innovation-api-zenchef/htdocs/api.zenchef.zh-innovation.tech/database/migrations/2026_09_09_000003_create_product_images_table.php(11): Illuminate\\Support\\Facades\\Facade::__callStatic()
#9 /home/zh-innovation-api-zenchef/htdocs/api.zenchef.zh-innovation.tech/vendor/laravel/framework/src/Illuminate/Database/Migrations/Migrator.php(517): Illuminate\\Database\\Migrations\\Migration@anonymous->up()
#10 /home/zh-innovation-api-zenchef/htdocs/api.zenchef.zh-innovation.tech/vendor/laravel/framework/src/Illuminate/Database/Migrations/Migrator.php(442): Illuminate\\Database\\Migrations\\Migrator->runMethod()
#11 /home/zh-innovation-api-zenchef/htdocs/api.zenchef.zh-innovation.tech/vendor/laravel/framework/src/Illuminate/Database/Migrations/Migrator.php(451): Illuminate\\Database\\Migrations\\Migrator->{closure:Illuminate\\Database\\Migrations\\Migrator::runMigration():438}()
#12 /home/zh-innovation-api-zenchef/htdocs/api.zenchef.zh-innovation.tech/vendor/laravel/framework/src/Illuminate/Database/Migrations/Migrator.php(253): Illuminate\\Database\\Migrations\\Migrator->runMigration()
#13 /home/zh-innovation-api-zenchef/htdocs/api.zenchef.zh-innovation.tech/vendor/laravel/framework/src/Illuminate/Console/View/Components/Task.php(43): Illuminate\\Database\\Migrations\\Migrator->{closure:Illuminate\\Database\\Migrations\\Migrator::runUp():253}()
#14 /home/zh-innovation-api-zenchef/htdocs/api.zenchef.zh-innovation.tech/vendor/laravel/framework/src/Illuminate/Database/Migrations/Migrator.php(853): Illuminate\\Console\\View\\Components\\Task->render()
#15 /home/zh-innovation-api-zenchef/htdocs/api.zenchef.zh-innovation.tech/vendor/laravel/framework/src/Illuminate/Database/Migrations/Migrator.php(253): Illuminate\\Database\\Migrations\\Migrator->write()
#16 /home/zh-innovation-api-zenchef/htdocs/api.zenchef.zh-innovation.tech/vendor/laravel/framework/src/Illuminate/Database/Migrations/Migrator.php(211): Illuminate\\Database\\Migrations\\Migrator->runUp()
#17 /home/zh-innovation-api-zenchef/htdocs/api.zenchef.zh-innovation.tech/vendor/laravel/framework/src/Illuminate/Database/Migrations/Migrator.php(138): Illuminate\\Database\\Migrations\\Migrator->runPending()
#18 /home/zh-innovation-api-zenchef/htdocs/api.zenchef.zh-innovation.tech/vendor/laravel/framework/src/Illuminate/Database/Console/Migrations/MigrateCommand.php(118): Illuminate\\Database\\Migrations\\Migrator->run()
#19 /home/zh-innovation-api-zenchef/htdocs/api.zenchef.zh-innovation.tech/vendor/laravel/framework/src/Illuminate/Database/Migrations/Migrator.php(672): Illuminate\\Database\\Console\\Migrations\\MigrateCommand->{closure:Illuminate\\Database\\Console\\Migrations\\MigrateCommand::runMigrations():111}()
#20 /home/zh-innovation-api-zenchef/htdocs/api.zenchef.zh-innovation.tech/vendor/laravel/framework/src/Illuminate/Database/Console/Migrations/MigrateCommand.php(111): Illuminate\\Database\\Migrations\\Migrator->usingConnection()
#21 /home/zh-innovation-api-zenchef/htdocs/api.zenchef.zh-innovation.tech/vendor/laravel/framework/src/Illuminate/Database/Console/Migrations/MigrateCommand.php(90): Illuminate\\Database\\Console\\Migrations\\MigrateCommand->runMigrations()
#22 /home/zh-innovation-api-zenchef/htdocs/api.zenchef.zh-innovation.tech/vendor/laravel/framework/src/Illuminate/Container/BoundMethod.php(36): Illuminate\\Database\\Console\\Migrations\\MigrateCommand->handle()
#23 /home/zh-innovation-api-zenchef/htdocs/api.zenchef.zh-innovation.tech/vendor/laravel/framework/src/Illuminate/Container/Util.php(43): Illuminate\\Container\\BoundMethod::{closure:Illuminate\\Container\\BoundMethod::call():35}()
#24 /home/zh-innovation-api-zenchef/htdocs/api.zenchef.zh-innovation.tech/vendor/laravel/framework/src/Illuminate/Container/BoundMethod.php(96): Illuminate\\Container\\Util::unwrapIfClosure()
#25 /home/zh-innovation-api-zenchef/htdocs/api.zenchef.zh-innovation.tech/vendor/laravel/framework/src/Illuminate/Container/BoundMethod.php(35): Illuminate\\Container\\BoundMethod::callBoundMethod()
#26 /home/zh-innovation-api-zenchef/htdocs/api.zenchef.zh-innovation.tech/vendor/laravel/framework/src/Illuminate/Container/Container.php(803): Illuminate\\Container\\BoundMethod::call()
#27 /home/zh-innovation-api-zenchef/htdocs/api.zenchef.zh-innovation.tech/vendor/laravel/framework/src/Illuminate/Console/Command.php(292): Illuminate\\Container\\Container->call()
#28 /home/zh-innovation-api-zenchef/htdocs/api.zenchef.zh-innovation.tech/vendor/symfony/console/Command/Command.php(341): Illuminate\\Console\\Command->execute()
#29 /home/zh-innovation-api-zenchef/htdocs/api.zenchef.zh-innovation.tech/vendor/laravel/framework/src/Illuminate/Console/Command.php(261): Symfony\\Component\\Console\\Command\\Command->run()
#30 /home/zh-innovation-api-zenchef/htdocs/api.zenchef.zh-innovation.tech/vendor/symfony/console/Application.php(1117): Illuminate\\Console\\Command->run()
#31 /home/zh-innovation-api-zenchef/htdocs/api.zenchef.zh-innovation.tech/vendor/symfony/console/Application.php(356): Symfony\\Component\\Console\\Application->doRunCommand()
#32 /home/zh-innovation-api-zenchef/htdocs/api.zenchef.zh-innovation.tech/vendor/symfony/console/Application.php(195): Symfony\\Component\\Console\\Application->doRun()
#33 /home/zh-innovation-api-zenchef/htdocs/api.zenchef.zh-innovation.tech/vendor/laravel/framework/src/Illuminate/Foundation/Console/Kernel.php(198): Symfony\\Component\\Console\\Application->run()
#34 /home/zh-innovation-api-zenchef/htdocs/api.zenchef.zh-innovation.tech/vendor/laravel/framework/src/Illuminate/Foundation/Application.php(1242): Illuminate\\Foundation\\Console\\Kernel->handle()
#35 /home/zh-innovation-api-zenchef/htdocs/api.zenchef.zh-innovation.tech/artisan(16): Illuminate\\Foundation\\Application->handleCommand()
#36 {main}
"} 
[2026-09-14 08:33:34] local.INFO: BRANCH UPDATE DEBUG {"method":"POST","content_type":"multipart/form-data; boundary=--------------------------250112666105531637650517","content_length":"406828","all_inputs":{"logo":{"Illuminate\\Http\\UploadedFile":"/tmp/phptq31qj98c6816o8P1XO"}},"all_files":{"logo":{"Illuminate\\Http\\UploadedFile":"/tmp/phptq31qj98c6816o8P1XO"}},"has_logo":true,"php_post_max":"64M","php_upload_max":"64M","errors":0,"file_size":406585} 
[2026-09-14 08:36:17] local.INFO: BRANCH UPDATE DEBUG {"method":"POST","content_type":"multipart/form-data; boundary=--------------------------250112666105531637650517","content_length":"406828","all_inputs":{"logo":{"Illuminate\\Http\\UploadedFile":"/tmp/phph16tu1hrkuut6ibtmlQ"}},"all_files":{"logo":{"Illuminate\\Http\\UploadedFile":"/tmp/phph16tu1hrkuut6ibtmlQ"}},"has_logo":true,"php_post_max":"64M","php_upload_max":"64M","errors":0,"file_size":406585} 
[2026-09-14 09:29:38] local.ERROR: Class "App\Http\Controllers\Api\Admin\AdminUserController" does not exist {"exception":"[object] (ReflectionException(code: -1): Class \"App\\Http\\Controllers\\Api\\Admin\\AdminUserController\" does not exist at /home/zh-innovation-api-zenchef/htdocs/api.zenchef.zh-innovation.tech/vendor/laravel/framework/src/Illuminate/Foundation/Console/RouteListCommand.php:285)
[stacktrace]
#0 /home/zh-innovation-api-zenchef/htdocs/api.zenchef.zh-innovation.tech/vendor/laravel/framework/src/Illuminate/Foundation/Console/RouteListCommand.php(285): ReflectionClass->__construct()
#1 /home/zh-innovation-api-zenchef/htdocs/api.zenchef.zh-innovation.tech/vendor/laravel/framework/src/Illuminate/Foundation/Console/RouteListCommand.php(161): Illuminate\\Foundation\\Console\\RouteListCommand->isVendorRoute()
#2 /home/zh-innovation-api-zenchef/htdocs/api.zenchef.zh-innovation.tech/vendor/laravel/framework/src/Illuminate/Foundation/Console/RouteListCommand.php(128): Illuminate\\Foundation\\Console\\RouteListCommand->getRouteInformation()
#3 [internal function]: Illuminate\\Foundation\\Console\\RouteListCommand->{closure:Illuminate\\Foundation\\Console\\RouteListCommand::getRoutes():128}()
#4 /home/zh-innovation-api-zenchef/htdocs/api.zenchef.zh-innovation.tech/vendor/laravel/framework/src/Illuminate/Collections/Arr.php(858): array_map()
#5 /home/zh-innovation-api-zenchef/htdocs/api.zenchef.zh-innovation.tech/vendor/laravel/framework/src/Illuminate/Collections/Collection.php(831): Illuminate\\Support\\Arr::map()
#6 /home/zh-innovation-api-zenchef/htdocs/api.zenchef.zh-innovation.tech/vendor/laravel/framework/src/Illuminate/Foundation/Console/RouteListCommand.php(128): Illuminate\\Support\\Collection->map()
#7 /home/zh-innovation-api-zenchef/htdocs/api.zenchef.zh-innovation.tech/vendor/laravel/framework/src/Illuminate/Foundation/Console/RouteListCommand.php(113): Illuminate\\Foundation\\Console\\RouteListCommand->getRoutes()
#8 /home/zh-innovation-api-zenchef/htdocs/api.zenchef.zh-innovation.tech/vendor/laravel/framework/src/Illuminate/Container/BoundMethod.php(36): Illuminate\\Foundation\\Console\\RouteListCommand->handle()
#9 /home/zh-innovation-api-zenchef/htdocs/api.zenchef.zh-innovation.tech/vendor/laravel/framework/src/Illuminate/Container/Util.php(43): Illuminate\\Container\\BoundMethod::{closure:Illuminate\\Container\\BoundMethod::call():35}()
#10 /home/zh-innovation-api-zenchef/htdocs/api.zenchef.zh-innovation.tech/vendor/laravel/framework/src/Illuminate/Container/BoundMethod.php(96): Illuminate\\Container\\Util::unwrapIfClosure()
#11 /home/zh-innovation-api-zenchef/htdocs/api.zenchef.zh-innovation.tech/vendor/laravel/framework/src/Illuminate/Container/BoundMethod.php(35): Illuminate\\Container\\BoundMethod::callBoundMethod()
#12 /home/zh-innovation-api-zenchef/htdocs/api.zenchef.zh-innovation.tech/vendor/laravel/framework/src/Illuminate/Container/Container.php(803): Illuminate\\Container\\BoundMethod::call()
#13 /home/zh-innovation-api-zenchef/htdocs/api.zenchef.zh-innovation.tech/vendor/laravel/framework/src/Illuminate/Console/Command.php(292): Illuminate\\Container\\Container->call()
#14 /home/zh-innovation-api-zenchef/htdocs/api.zenchef.zh-innovation.tech/vendor/symfony/console/Command/Command.php(341): Illuminate\\Console\\Command->execute()
#15 /home/zh-innovation-api-zenchef/htdocs/api.zenchef.zh-innovation.tech/vendor/laravel/framework/src/Illuminate/Console/Command.php(261): Symfony\\Component\\Console\\Command\\Command->run()
#16 /home/zh-innovation-api-zenchef/htdocs/api.zenchef.zh-innovation.tech/vendor/symfony/console/Application.php(1117): Illuminate\\Console\\Command->run()
#17 /home/zh-innovation-api-zenchef/htdocs/api.zenchef.zh-innovation.tech/vendor/symfony/console/Application.php(356): Symfony\\Component\\Console\\Application->doRunCommand()
#18 /home/zh-innovation-api-zenchef/htdocs/api.zenchef.zh-innovation.tech/vendor/symfony/console/Application.php(195): Symfony\\Component\\Console\\Application->doRun()
#19 /home/zh-innovation-api-zenchef/htdocs/api.zenchef.zh-innovation.tech/vendor/laravel/framework/src/Illuminate/Foundation/Console/Kernel.php(198): Symfony\\Component\\Console\\Application->run()
#20 /home/zh-innovation-api-zenchef/htdocs/api.zenchef.zh-innovation.tech/vendor/laravel/framework/src/Illuminate/Foundation/Application.php(1242): Illuminate\\Foundation\\Console\\Kernel->handle()
#21 /home/zh-innovation-api-zenchef/htdocs/api.zenchef.zh-innovation.tech/artisan(16): Illuminate\\Foundation\\Application->handleCommand()
#22 {main}
"} 
[2026-09-14 11:30:59] local.ERROR: Call to undefined method App\Models\Branch::main() {"userId":1,"exception":"[object] (BadMethodCallException(code: 0): Call to undefined method App\\Models\\Branch::main() at /home/zh-innovation-api-zenchef/htdocs/api.zenchef.zh-innovation.tech/vendor/laravel/framework/src/Illuminate/Support/Traits/ForwardsCalls.php:67)
[stacktrace]
#0 /home/zh-innovation-api-zenchef/htdocs/api.zenchef.zh-innovation.tech/vendor/laravel/framework/src/Illuminate/Support/Traits/ForwardsCalls.php(36): Illuminate\\Database\\Eloquent\\Model::throwBadMethodCallException()
#1 /home/zh-innovation-api-zenchef/htdocs/api.zenchef.zh-innovation.tech/vendor/laravel/framework/src/Illuminate/Database/Eloquent/Model.php(2871): Illuminate\\Database\\Eloquent\\Model->forwardCallTo()
#2 /home/zh-innovation-api-zenchef/htdocs/api.zenchef.zh-innovation.tech/vendor/laravel/framework/src/Illuminate/Database/Eloquent/Model.php(2887): Illuminate\\Database\\Eloquent\\Model->__call()
#3 /home/zh-innovation-api-zenchef/htdocs/api.zenchef.zh-innovation.tech/app/Http/Controllers/Api/Admin/BranchController.php(52): Illuminate\\Database\\Eloquent\\Model::__callStatic()
#4 /home/zh-innovation-api-zenchef/htdocs/api.zenchef.zh-innovation.tech/vendor/laravel/framework/src/Illuminate/Routing/ControllerDispatcher.php(46): App\\Http\\Controllers\\Api\\Admin\\BranchController->store()
#5 /home/zh-innovation-api-zenchef/htdocs/api.zenchef.zh-innovation.tech/vendor/laravel/framework/src/Illuminate/Routing/Route.php(276): Illuminate\\Routing\\ControllerDispatcher->dispatch()
#6 /home/zh-innovation-api-zenchef/htdocs/api.zenchef.zh-innovation.tech/vendor/laravel/framework/src/Illuminate/Routing/Route.php(216): Illuminate\\Routing\\Route->runController()
#7 /home/zh-innovation-api-zenchef/htdocs/api.zenchef.zh-innovation.tech/vendor/laravel/framework/src/Illuminate/Routing/Router.php(822): Illuminate\\Routing\\Route->run()
#8 /home/zh-innovation-api-zenchef/htdocs/api.zenchef.zh-innovation.tech/vendor/laravel/framework/src/Illuminate/Pipeline/Pipeline.php(180): Illuminate\\Routing\\Router->{closure:Illuminate\\Routing\\Router::runRouteWithinStack():821}()
#9 /home/zh-innovation-api-zenchef/htdocs/api.zenchef.zh-innovation.tech/app/Http/Middleware/EnsureUserHasRole.php(27): Illuminate\\Pipeline\\Pipeline->{closure:Illuminate\\Pipeline\\Pipeline::prepareDestination():178}()
#10 /home/zh-innovation-api-zenchef/htdocs/api.zenchef.zh-innovation.tech/vendor/laravel/framework/src/Illuminate/Pipeline/Pipeline.php(219): App\\Http\\Middleware\\EnsureUserHasRole->handle()
#11 /home/zh-innovation-api-zenchef/htdocs/api.zenchef.zh-innovation.tech/vendor/laravel/framework/src/Illuminate/Routing/Middleware/SubstituteBindings.php(52): Illuminate\\Pipeline\\Pipeline->{closure:{closure:Illuminate\\Pipeline\\Pipeline::carry():194}:195}()
#12 /home/zh-innovation-api-zenchef/htdocs/api.zenchef.zh-innovation.tech/vendor/laravel/framework/src/Illuminate/Pipeline/Pipeline.php(219): Illuminate\\Routing\\Middleware\\SubstituteBindings->handle()
#13 /home/zh-innovation-api-zenchef/htdocs/api.zenchef.zh-innovation.tech/vendor/laravel/framework/src/Illuminate/Auth/Middleware/Authenticate.php(63): Illuminate\\Pipeline\\Pipeline->{closure:{closure:Illuminate\\Pipeline\\Pipeline::carry():194}:195}()
#14 /home/zh-innovation-api-zenchef/htdocs/api.zenchef.zh-innovation.tech/vendor/laravel/framework/src/Illuminate/Pipeline/Pipeline.php(219): Illuminate\\Auth\\Middleware\\Authenticate->handle()
#15 /home/zh-innovation-api-zenchef/htdocs/api.zenchef.zh-innovation.tech/vendor/laravel/framework/src/Illuminate/Pipeline/Pipeline.php(137): Illuminate\\Pipeline\\Pipeline->{closure:{closure:Illuminate\\Pipeline\\Pipeline::carry():194}:195}()
#16 /home/zh-innovation-api-zenchef/htdocs/api.zenchef.zh-innovation.tech/vendor/laravel/framework/src/Illuminate/Routing/Router.php(821): Illuminate\\Pipeline\\Pipeline->then()
#17 /home/zh-innovation-api-zenchef/htdocs/api.zenchef.zh-innovation.tech/vendor/laravel/framework/src/Illuminate/Routing/Router.php(800): Illuminate\\Routing\\Router->runRouteWithinStack()
#18 /home/zh-innovation-api-zenchef/htdocs/api.zenchef.zh-innovation.tech/vendor/laravel/framework/src/Illuminate/Routing/Router.php(764): Illuminate\\Routing\\Router->runRoute()
#19 /home/zh-innovation-api-zenchef/htdocs/api.zenchef.zh-innovation.tech/vendor/laravel/framework/src/Illuminate/Routing/Router.php(753): Illuminate\\Routing\\Router->dispatchToRoute()
#20 /home/zh-innovation-api-zenchef/htdocs/api.zenchef.zh-innovation.tech/vendor/laravel/framework/src/Illuminate/Foundation/Http/Kernel.php(200): Illuminate\\Routing\\Router->dispatch()
#21 /home/zh-innovation-api-zenchef/htdocs/api.zenchef.zh-innovation.tech/vendor/laravel/framework/src/Illuminate/Pipeline/Pipeline.php(180): Illuminate\\Foundation\\Http\\Kernel->{closure:Illuminate\\Foundation\\Http\\Kernel::dispatchToRouter():197}()
#22 /home/zh-innovation-api-zenchef/htdocs/api.zenchef.zh-innovation.tech/vendor/laravel/framework/src/Illuminate/Foundation/Http/Middleware/TransformsRequest.php(21): Illuminate\\Pipeline\\Pipeline->{closure:Illuminate\\Pipeline\\Pipeline::prepareDestination():178}()
#23 /home/zh-innovation-api-zenchef/htdocs/api.zenchef.zh-innovation.tech/vendor/laravel/framework/src/Illuminate/Foundation/Http/Middleware/ConvertEmptyStringsToNull.php(31): Illuminate\\Foundation\\Http\\Middleware\\TransformsRequest->handle()
#24 /home/zh-innovation-api-zenchef/htdocs/api.zenchef.zh-innovation.tech/vendor/laravel/framework/src/Illuminate/Pipeline/Pipeline.php(219): Illuminate\\Foundation\\Http\\Middleware\\ConvertEmptyStringsToNull->handle()
#25 /home/zh-innovation-api-zenchef/htdocs/api.zenchef.zh-innovation.tech/vendor/laravel/framework/src/Illuminate/Foundation/Http/Middleware/TransformsRequest.php(21): Illuminate\\Pipeline\\Pipeline->{closure:{closure:Illuminate\\Pipeline\\Pipeline::carry():194}:195}()
#26 /home/zh-innovation-api-zenchef/htdocs/api.zenchef.zh-innovation.tech/vendor/laravel/framework/src/Illuminate/Foundation/Http/Middleware/TrimStrings.php(51): Illuminate\\Foundation\\Http\\Middleware\\TransformsRequest->handle()
#27 /home/zh-innovation-api-zenchef/htdocs/api.zenchef.zh-innovation.tech/vendor/laravel/framework/src/Illuminate/Pipeline/Pipeline.php(219): Illuminate\\Foundation\\Http\\Middleware\\TrimStrings->handle()
#28 /home/zh-innovation-api-zenchef/htdocs/api.zenchef.zh-innovation.tech/vendor/laravel/framework/src/Illuminate/Http/Middleware/ValidatePostSize.php(27): Illuminate\\Pipeline\\Pipeline->{closure:{closure:Illuminate\\Pipeline\\Pipeline::carry():194}:195}()
#29 /home/zh-innovation-api-zenchef/htdocs/api.zenchef.zh-innovation.tech/vendor/laravel/framework/src/Illuminate/Pipeline/Pipeline.php(219): Illuminate\\Http\\Middleware\\ValidatePostSize->handle()
#30 /home/zh-innovation-api-zenchef/htdocs/api.zenchef.zh-innovation.tech/vendor/laravel/framework/src/Illuminate/Foundation/Http/Middleware/PreventRequestsDuringMaintenance.php(110): Illuminate\\Pipeline\\Pipeline->{closure:{closure:Illuminate\\Pipeline\\Pipeline::carry():194}:195}()
#31 /home/zh-innovation-api-zenchef/htdocs/api.zenchef.zh-innovation.tech/vendor/laravel/framework/src/Illuminate/Pipeline/Pipeline.php(219): Illuminate\\Foundation\\Http\\Middleware\\PreventRequestsDuringMaintenance->handle()
#32 /home/zh-innovation-api-zenchef/htdocs/api.zenchef.zh-innovation.tech/vendor/laravel/framework/src/Illuminate/Http/Middleware/HandleCors.php(74): Illuminate\\Pipeline\\Pipeline->{closure:{closure:Illuminate\\Pipeline\\Pipeline::carry():194}:195}()
#33 /home/zh-innovation-api-zenchef/htdocs/api.zenchef.zh-innovation.tech/vendor/laravel/framework/src/Illuminate/Pipeline/Pipeline.php(219): Illuminate\\Http\\Middleware\\HandleCors->handle()
#34 /home/zh-innovation-api-zenchef/htdocs/api.zenchef.zh-innovation.tech/vendor/laravel/framework/src/Illuminate/Http/Middleware/TrustProxies.php(58): Illuminate\\Pipeline\\Pipeline->{closure:{closure:Illuminate\\Pipeline\\Pipeline::carry():194}:195}()
#35 /home/zh-innovation-api-zenchef/htdocs/api.zenchef.zh-innovation.tech/vendor/laravel/framework/src/Illuminate/Pipeline/Pipeline.php(219): Illuminate\\Http\\Middleware\\TrustProxies->handle()
#36 /home/zh-innovation-api-zenchef/htdocs/api.zenchef.zh-innovation.tech/vendor/laravel/framework/src/Illuminate/Foundation/Http/Middleware/InvokeDeferredCallbacks.php(22): Illuminate\\Pipeline\\Pipeline->{closure:{closure:Illuminate\\Pipeline\\Pipeline::carry():194}:195}()
#37 /home/zh-innovation-api-zenchef/htdocs/api.zenchef.zh-innovation.tech/vendor/laravel/framework/src/Illuminate/Pipeline/Pipeline.php(219): Illuminate\\Foundation\\Http\\Middleware\\InvokeDeferredCallbacks->handle()
#38 /home/zh-innovation-api-zenchef/htdocs/api.zenchef.zh-innovation.tech/vendor/laravel/framework/src/Illuminate/Http/Middleware/ValidatePathEncoding.php(28): Illuminate\\Pipeline\\Pipeline->{closure:{closure:Illuminate\\Pipeline\\Pipeline::carry():194}:195}()
#39 /home/zh-innovation-api-zenchef/htdocs/api.zenchef.zh-innovation.tech/vendor/laravel/framework/src/Illuminate/Pipeline/Pipeline.php(219): Illuminate\\Http\\Middleware\\ValidatePathEncoding->handle()
#40 /home/zh-innovation-api-zenchef/htdocs/api.zenchef.zh-innovation.tech/vendor/laravel/framework/src/Illuminate/Pipeline/Pipeline.php(137): Illuminate\\Pipeline\\Pipeline->{closure:{closure:Illuminate\\Pipeline\\Pipeline::carry():194}:195}()
#41 /home/zh-innovation-api-zenchef/htdocs/api.zenchef.zh-innovation.tech/vendor/laravel/framework/src/Illuminate/Foundation/Http/Kernel.php(175): Illuminate\\Pipeline\\Pipeline->then()
#42 /home/zh-innovation-api-zenchef/htdocs/api.zenchef.zh-innovation.tech/vendor/laravel/framework/src/Illuminate/Foundation/Http/Kernel.php(144): Illuminate\\Foundation\\Http\\Kernel->sendRequestThroughRouter()
#43 /home/zh-innovation-api-zenchef/htdocs/api.zenchef.zh-innovation.tech/vendor/laravel/framework/src/Illuminate/Foundation/Application.php(1227): Illuminate\\Foundation\\Http\\Kernel->handle()
#44 /home/zh-innovation-api-zenchef/htdocs/api.zenchef.zh-innovation.tech/public/index.php(20): Illuminate\\Foundation\\Application->handleRequest()
#45 {main}
"} 
[2026-09-14 11:34:07] local.ERROR: Route [login] not defined. {"exception":"[object] (Symfony\\Component\\Routing\\Exception\\RouteNotFoundException(code: 0): Route [login] not defined. at /home/zh-innovation-api-zenchef/htdocs/api.zenchef.zh-innovation.tech/vendor/laravel/framework/src/Illuminate/Routing/UrlGenerator.php:542)
[stacktrace]
#0 /home/zh-innovation-api-zenchef/htdocs/api.zenchef.zh-innovation.tech/vendor/laravel/framework/src/Illuminate/Foundation/helpers.php(870): Illuminate\\Routing\\UrlGenerator->route()
#1 /home/zh-innovation-api-zenchef/htdocs/api.zenchef.zh-innovation.tech/vendor/laravel/framework/src/Illuminate/Foundation/Configuration/ApplicationBuilder.php(291): route()
#2 [internal function]: Illuminate\\Foundation\\Configuration\\ApplicationBuilder->{closure:{closure:Illuminate\\Foundation\\Configuration\\ApplicationBuilder::withMiddleware():289}:291}()
#3 /home/zh-innovation-api-zenchef/htdocs/api.zenchef.zh-innovation.tech/vendor/laravel/framework/src/Illuminate/Auth/Middleware/Authenticate.php(117): call_user_func()
#4 /home/zh-innovation-api-zenchef/htdocs/api.zenchef.zh-innovation.tech/vendor/laravel/framework/src/Illuminate/Auth/Middleware/Authenticate.php(104): Illuminate\\Auth\\Middleware\\Authenticate->redirectTo()
#5 /home/zh-innovation-api-zenchef/htdocs/api.zenchef.zh-innovation.tech/vendor/laravel/framework/src/Illuminate/Auth/Middleware/Authenticate.php(87): Illuminate\\Auth\\Middleware\\Authenticate->unauthenticated()
#6 /home/zh-innovation-api-zenchef/htdocs/api.zenchef.zh-innovation.tech/vendor/laravel/framework/src/Illuminate/Auth/Middleware/Authenticate.php(61): Illuminate\\Auth\\Middleware\\Authenticate->authenticate()
#7 /home/zh-innovation-api-zenchef/htdocs/api.zenchef.zh-innovation.tech/vendor/laravel/framework/src/Illuminate/Pipeline/Pipeline.php(219): Illuminate\\Auth\\Middleware\\Authenticate->handle()
#8 /home/zh-innovation-api-zenchef/htdocs/api.zenchef.zh-innovation.tech/vendor/laravel/framework/src/Illuminate/Pipeline/Pipeline.php(137): Illuminate\\Pipeline\\Pipeline->{closure:{closure:Illuminate\\Pipeline\\Pipeline::carry():194}:195}()
#9 /home/zh-innovation-api-zenchef/htdocs/api.zenchef.zh-innovation.tech/vendor/laravel/framework/src/Illuminate/Routing/Router.php(821): Illuminate\\Pipeline\\Pipeline->then()
#10 /home/zh-innovation-api-zenchef/htdocs/api.zenchef.zh-innovation.tech/vendor/laravel/framework/src/Illuminate/Routing/Router.php(800): Illuminate\\Routing\\Router->runRouteWithinStack()
#11 /home/zh-innovation-api-zenchef/htdocs/api.zenchef.zh-innovation.tech/vendor/laravel/framework/src/Illuminate/Routing/Router.php(764): Illuminate\\Routing\\Router->runRoute()
#12 /home/zh-innovation-api-zenchef/htdocs/api.zenchef.zh-innovation.tech/vendor/laravel/framework/src/Illuminate/Routing/Router.php(753): Illuminate\\Routing\\Router->dispatchToRoute()
#13 /home/zh-innovation-api-zenchef/htdocs/api.zenchef.zh-innovation.tech/vendor/laravel/framework/src/Illuminate/Foundation/Http/Kernel.php(200): Illuminate\\Routing\\Router->dispatch()
#14 /home/zh-innovation-api-zenchef/htdocs/api.zenchef.zh-innovation.tech/vendor/laravel/framework/src/Illuminate/Pipeline/Pipeline.php(180): Illuminate\\Foundation\\Http\\Kernel->{closure:Illuminate\\Foundation\\Http\\Kernel::dispatchToRouter():197}()
#15 /home/zh-innovation-api-zenchef/htdocs/api.zenchef.zh-innovation.tech/vendor/laravel/framework/src/Illuminate/Foundation/Http/Middleware/TransformsRequest.php(21): Illuminate\\Pipeline\\Pipeline->{closure:Illuminate\\Pipeline\\Pipeline::prepareDestination():178}()
#16 /home/zh-innovation-api-zenchef/htdocs/api.zenchef.zh-innovation.tech/vendor/laravel/framework/src/Illuminate/Foundation/Http/Middleware/ConvertEmptyStringsToNull.php(31): Illuminate\\Foundation\\Http\\Middleware\\TransformsRequest->handle()
#17 /home/zh-innovation-api-zenchef/htdocs/api.zenchef.zh-innovation.tech/vendor/laravel/framework/src/Illuminate/Pipeline/Pipeline.php(219): Illuminate\\Foundation\\Http\\Middleware\\ConvertEmptyStringsToNull->handle()
#18 /home/zh-innovation-api-zenchef/htdocs/api.zenchef.zh-innovation.tech/vendor/laravel/framework/src/Illuminate/Foundation/Http/Middleware/TransformsRequest.php(21): Illuminate\\Pipeline\\Pipeline->{closure:{closure:Illuminate\\Pipeline\\Pipeline::carry():194}:195}()
#19 /home/zh-innovation-api-zenchef/htdocs/api.zenchef.zh-innovation.tech/vendor/laravel/framework/src/Illuminate/Foundation/Http/Middleware/TrimStrings.php(51): Illuminate\\Foundation\\Http\\Middleware\\TransformsRequest->handle()
#20 /home/zh-innovation-api-zenchef/htdocs/api.zenchef.zh-innovation.tech/vendor/laravel/framework/src/Illuminate/Pipeline/Pipeline.php(219): Illuminate\\Foundation\\Http\\Middleware\\TrimStrings->handle()
#21 /home/zh-innovation-api-zenchef/htdocs/api.zenchef.zh-innovation.tech/vendor/laravel/framework/src/Illuminate/Http/Middleware/ValidatePostSize.php(27): Illuminate\\Pipeline\\Pipeline->{closure:{closure:Illuminate\\Pipeline\\Pipeline::carry():194}:195}()
#22 /home/zh-innovation-api-zenchef/htdocs/api.zenchef.zh-innovation.tech/vendor/laravel/framework/src/Illuminate/Pipeline/Pipeline.php(219): Illuminate\\Http\\Middleware\\ValidatePostSize->handle()
#23 /home/zh-innovation-api-zenchef/htdocs/api.zenchef.zh-innovation.tech/vendor/laravel/framework/src/Illuminate/Foundation/Http/Middleware/PreventRequestsDuringMaintenance.php(110): Illuminate\\Pipeline\\Pipeline->{closure:{closure:Illuminate\\Pipeline\\Pipeline::carry():194}:195}()
#24 /home/zh-innovation-api-zenchef/htdocs/api.zenchef.zh-innovation.tech/vendor/laravel/framework/src/Illuminate/Pipeline/Pipeline.php(219): Illuminate\\Foundation\\Http\\Middleware\\PreventRequestsDuringMaintenance->handle()
#25 /home/zh-innovation-api-zenchef/htdocs/api.zenchef.zh-innovation.tech/vendor/laravel/framework/src/Illuminate/Http/Middleware/HandleCors.php(74): Illuminate\\Pipeline\\Pipeline->{closure:{closure:Illuminate\\Pipeline\\Pipeline::carry():194}:195}()
#26 /home/zh-innovation-api-zenchef/htdocs/api.zenchef.zh-innovation.tech/vendor/laravel/framework/src/Illuminate/Pipeline/Pipeline.php(219): Illuminate\\Http\\Middleware\\HandleCors->handle()
#27 /home/zh-innovation-api-zenchef/htdocs/api.zenchef.zh-innovation.tech/vendor/laravel/framework/src/Illuminate/Http/Middleware/TrustProxies.php(58): Illuminate\\Pipeline\\Pipeline->{closure:{closure:Illuminate\\Pipeline\\Pipeline::carry():194}:195}()
#28 /home/zh-innovation-api-zenchef/htdocs/api.zenchef.zh-innovation.tech/vendor/laravel/framework/src/Illuminate/Pipeline/Pipeline.php(219): Illuminate\\Http\\Middleware\\TrustProxies->handle()
#29 /home/zh-innovation-api-zenchef/htdocs/api.zenchef.zh-innovation.tech/vendor/laravel/framework/src/Illuminate/Foundation/Http/Middleware/InvokeDeferredCallbacks.php(22): Illuminate\\Pipeline\\Pipeline->{closure:{closure:Illuminate\\Pipeline\\Pipeline::carry():194}:195}()
#30 /home/zh-innovation-api-zenchef/htdocs/api.zenchef.zh-innovation.tech/vendor/laravel/framework/src/Illuminate/Pipeline/Pipeline.php(219): Illuminate\\Foundation\\Http\\Middleware\\InvokeDeferredCallbacks->handle()
#31 /home/zh-innovation-api-zenchef/htdocs/api.zenchef.zh-innovation.tech/vendor/laravel/framework/src/Illuminate/Http/Middleware/ValidatePathEncoding.php(28): Illuminate\\Pipeline\\Pipeline->{closure:{closure:Illuminate\\Pipeline\\Pipeline::carry():194}:195}()
#32 /home/zh-innovation-api-zenchef/htdocs/api.zenchef.zh-innovation.tech/vendor/laravel/framework/src/Illuminate/Pipeline/Pipeline.php(219): Illuminate\\Http\\Middleware\\ValidatePathEncoding->handle()
#33 /home/zh-innovation-api-zenchef/htdocs/api.zenchef.zh-innovation.tech/vendor/laravel/framework/src/Illuminate/Pipeline/Pipeline.php(137): Illuminate\\Pipeline\\Pipeline->{closure:{closure:Illuminate\\Pipeline\\Pipeline::carry():194}:195}()
#34 /home/zh-innovation-api-zenchef/htdocs/api.zenchef.zh-innovation.tech/vendor/laravel/framework/src/Illuminate/Foundation/Http/Kernel.php(175): Illuminate\\Pipeline\\Pipeline->then()
#35 /home/zh-innovation-api-zenchef/htdocs/api.zenchef.zh-innovation.tech/vendor/laravel/framework/src/Illuminate/Foundation/Http/Kernel.php(144): Illuminate\\Foundation\\Http\\Kernel->sendRequestThroughRouter()
#36 /home/zh-innovation-api-zenchef/htdocs/api.zenchef.zh-innovation.tech/vendor/laravel/framework/src/Illuminate/Foundation/Application.php(1227): Illuminate\\Foundation\\Http\\Kernel->handle()
#37 /home/zh-innovation-api-zenchef/htdocs/api.zenchef.zh-innovation.tech/public/index.php(20): Illuminate\\Foundation\\Application->handleRequest()
#38 {main}
"} 
[2026-09-14 11:35:07] local.ERROR: Call to undefined method App\Models\Branch::main() {"userId":1,"exception":"[object] (BadMethodCallException(code: 0): Call to undefined method App\\Models\\Branch::main() at /home/zh-innovation-api-zenchef/htdocs/api.zenchef.zh-innovation.tech/vendor/laravel/framework/src/Illuminate/Support/Traits/ForwardsCalls.php:67)
[stacktrace]
#0 /home/zh-innovation-api-zenchef/htdocs/api.zenchef.zh-innovation.tech/vendor/laravel/framework/src/Illuminate/Support/Traits/ForwardsCalls.php(36): Illuminate\\Database\\Eloquent\\Model::throwBadMethodCallException()
#1 /home/zh-innovation-api-zenchef/htdocs/api.zenchef.zh-innovation.tech/vendor/laravel/framework/src/Illuminate/Database/Eloquent/Model.php(2871): Illuminate\\Database\\Eloquent\\Model->forwardCallTo()
#2 /home/zh-innovation-api-zenchef/htdocs/api.zenchef.zh-innovation.tech/vendor/laravel/framework/src/Illuminate/Database/Eloquent/Model.php(2887): Illuminate\\Database\\Eloquent\\Model->__call()
#3 /home/zh-innovation-api-zenchef/htdocs/api.zenchef.zh-innovation.tech/app/Http/Controllers/Api/Admin/BranchController.php(52): Illuminate\\Database\\Eloquent\\Model::__callStatic()
#4 /home/zh-innovation-api-zenchef/htdocs/api.zenchef.zh-innovation.tech/vendor/laravel/framework/src/Illuminate/Routing/ControllerDispatcher.php(46): App\\Http\\Controllers\\Api\\Admin\\BranchController->store()
#5 /home/zh-innovation-api-zenchef/htdocs/api.zenchef.zh-innovation.tech/vendor/laravel/framework/src/Illuminate/Routing/Route.php(276): Illuminate\\Routing\\ControllerDispatcher->dispatch()
#6 /home/zh-innovation-api-zenchef/htdocs/api.zenchef.zh-innovation.tech/vendor/laravel/framework/src/Illuminate/Routing/Route.php(216): Illuminate\\Routing\\Route->runController()
#7 /home/zh-innovation-api-zenchef/htdocs/api.zenchef.zh-innovation.tech/vendor/laravel/framework/src/Illuminate/Routing/Router.php(822): Illuminate\\Routing\\Route->run()
#8 /home/zh-innovation-api-zenchef/htdocs/api.zenchef.zh-innovation.tech/vendor/laravel/framework/src/Illuminate/Pipeline/Pipeline.php(180): Illuminate\\Routing\\Router->{closure:Illuminate\\Routing\\Router::runRouteWithinStack():821}()
#9 /home/zh-innovation-api-zenchef/htdocs/api.zenchef.zh-innovation.tech/app/Http/Middleware/EnsureUserHasRole.php(27): Illuminate\\Pipeline\\Pipeline->{closure:Illuminate\\Pipeline\\Pipeline::prepareDestination():178}()
#10 /home/zh-innovation-api-zenchef/htdocs/api.zenchef.zh-innovation.tech/vendor/laravel/framework/src/Illuminate/Pipeline/Pipeline.php(219): App\\Http\\Middleware\\EnsureUserHasRole->handle()
#11 /home/zh-innovation-api-zenchef/htdocs/api.zenchef.zh-innovation.tech/vendor/laravel/framework/src/Illuminate/Routing/Middleware/SubstituteBindings.php(52): Illuminate\\Pipeline\\Pipeline->{closure:{closure:Illuminate\\Pipeline\\Pipeline::carry():194}:195}()
#12 /home/zh-innovation-api-zenchef/htdocs/api.zenchef.zh-innovation.tech/vendor/laravel/framework/src/Illuminate/Pipeline/Pipeline.php(219): Illuminate\\Routing\\Middleware\\SubstituteBindings->handle()
#13 /home/zh-innovation-api-zenchef/htdocs/api.zenchef.zh-innovation.tech/vendor/laravel/framework/src/Illuminate/Auth/Middleware/Authenticate.php(63): Illuminate\\Pipeline\\Pipeline->{closure:{closure:Illuminate\\Pipeline\\Pipeline::carry():194}:195}()
#14 /home/zh-innovation-api-zenchef/htdocs/api.zenchef.zh-innovation.tech/vendor/laravel/framework/src/Illuminate/Pipeline/Pipeline.php(219): Illuminate\\Auth\\Middleware\\Authenticate->handle()
#15 /home/zh-innovation-api-zenchef/htdocs/api.zenchef.zh-innovation.tech/vendor/laravel/framework/src/Illuminate/Pipeline/Pipeline.php(137): Illuminate\\Pipeline\\Pipeline->{closure:{closure:Illuminate\\Pipeline\\Pipeline::carry():194}:195}()
#16 /home/zh-innovation-api-zenchef/htdocs/api.zenchef.zh-innovation.tech/vendor/laravel/framework/src/Illuminate/Routing/Router.php(821): Illuminate\\Pipeline\\Pipeline->then()
#17 /home/zh-innovation-api-zenchef/htdocs/api.zenchef.zh-innovation.tech/vendor/laravel/framework/src/Illuminate/Routing/Router.php(800): Illuminate\\Routing\\Router->runRouteWithinStack()
#18 /home/zh-innovation-api-zenchef/htdocs/api.zenchef.zh-innovation.tech/vendor/laravel/framework/src/Illuminate/Routing/Router.php(764): Illuminate\\Routing\\Router->runRoute()
#19 /home/zh-innovation-api-zenchef/htdocs/api.zenchef.zh-innovation.tech/vendor/laravel/framework/src/Illuminate/Routing/Router.php(753): Illuminate\\Routing\\Router->dispatchToRoute()
#20 /home/zh-innovation-api-zenchef/htdocs/api.zenchef.zh-innovation.tech/vendor/laravel/framework/src/Illuminate/Foundation/Http/Kernel.php(200): Illuminate\\Routing\\Router->dispatch()
#21 /home/zh-innovation-api-zenchef/htdocs/api.zenchef.zh-innovation.tech/vendor/laravel/framework/src/Illuminate/Pipeline/Pipeline.php(180): Illuminate\\Foundation\\Http\\Kernel->{closure:Illuminate\\Foundation\\Http\\Kernel::dispatchToRouter():197}()
#22 /home/zh-innovation-api-zenchef/htdocs/api.zenchef.zh-innovation.tech/vendor/laravel/framework/src/Illuminate/Foundation/Http/Middleware/TransformsRequest.php(21): Illuminate\\Pipeline\\Pipeline->{closure:Illuminate\\Pipeline\\Pipeline::prepareDestination():178}()
#23 /home/zh-innovation-api-zenchef/htdocs/api.zenchef.zh-innovation.tech/vendor/laravel/framework/src/Illuminate/Foundation/Http/Middleware/ConvertEmptyStringsToNull.php(31): Illuminate\\Foundation\\Http\\Middleware\\TransformsRequest->handle()
#24 /home/zh-innovation-api-zenchef/htdocs/api.zenchef.zh-innovation.tech/vendor/laravel/framework/src/Illuminate/Pipeline/Pipeline.php(219): Illuminate\\Foundation\\Http\\Middleware\\ConvertEmptyStringsToNull->handle()
#25 /home/zh-innovation-api-zenchef/htdocs/api.zenchef.zh-innovation.tech/vendor/laravel/framework/src/Illuminate/Foundation/Http/Middleware/TransformsRequest.php(21): Illuminate\\Pipeline\\Pipeline->{closure:{closure:Illuminate\\Pipeline\\Pipeline::carry():194}:195}()
#26 /home/zh-innovation-api-zenchef/htdocs/api.zenchef.zh-innovation.tech/vendor/laravel/framework/src/Illuminate/Foundation/Http/Middleware/TrimStrings.php(51): Illuminate\\Foundation\\Http\\Middleware\\TransformsRequest->handle()
#27 /home/zh-innovation-api-zenchef/htdocs/api.zenchef.zh-innovation.tech/vendor/laravel/framework/src/Illuminate/Pipeline/Pipeline.php(219): Illuminate\\Foundation\\Http\\Middleware\\TrimStrings->handle()
#28 /home/zh-innovation-api-zenchef/htdocs/api.zenchef.zh-innovation.tech/vendor/laravel/framework/src/Illuminate/Http/Middleware/ValidatePostSize.php(27): Illuminate\\Pipeline\\Pipeline->{closure:{closure:Illuminate\\Pipeline\\Pipeline::carry():194}:195}()
#29 /home/zh-innovation-api-zenchef/htdocs/api.zenchef.zh-innovation.tech/vendor/laravel/framework/src/Illuminate/Pipeline/Pipeline.php(219): Illuminate\\Http\\Middleware\\ValidatePostSize->handle()
#30 /home/zh-innovation-api-zenchef/htdocs/api.zenchef.zh-innovation.tech/vendor/laravel/framework/src/Illuminate/Foundation/Http/Middleware/PreventRequestsDuringMaintenance.php(110): Illuminate\\Pipeline\\Pipeline->{closure:{closure:Illuminate\\Pipeline\\Pipeline::carry():194}:195}()
#31 /home/zh-innovation-api-zenchef/htdocs/api.zenchef.zh-innovation.tech/vendor/laravel/framework/src/Illuminate/Pipeline/Pipeline.php(219): Illuminate\\Foundation\\Http\\Middleware\\PreventRequestsDuringMaintenance->handle()
#32 /home/zh-innovation-api-zenchef/htdocs/api.zenchef.zh-innovation.tech/vendor/laravel/framework/src/Illuminate/Http/Middleware/HandleCors.php(74): Illuminate\\Pipeline\\Pipeline->{closure:{closure:Illuminate\\Pipeline\\Pipeline::carry():194}:195}()
#33 /home/zh-innovation-api-zenchef/htdocs/api.zenchef.zh-innovation.tech/vendor/laravel/framework/src/Illuminate/Pipeline/Pipeline.php(219): Illuminate\\Http\\Middleware\\HandleCors->handle()
#34 /home/zh-innovation-api-zenchef/htdocs/api.zenchef.zh-innovation.tech/vendor/laravel/framework/src/Illuminate/Http/Middleware/TrustProxies.php(58): Illuminate\\Pipeline\\Pipeline->{closure:{closure:Illuminate\\Pipeline\\Pipeline::carry():194}:195}()
#35 /home/zh-innovation-api-zenchef/htdocs/api.zenchef.zh-innovation.tech/vendor/laravel/framework/src/Illuminate/Pipeline/Pipeline.php(219): Illuminate\\Http\\Middleware\\TrustProxies->handle()
#36 /home/zh-innovation-api-zenchef/htdocs/api.zenchef.zh-innovation.tech/vendor/laravel/framework/src/Illuminate/Foundation/Http/Middleware/InvokeDeferredCallbacks.php(22): Illuminate\\Pipeline\\Pipeline->{closure:{closure:Illuminate\\Pipeline\\Pipeline::carry():194}:195}()
#37 /home/zh-innovation-api-zenchef/htdocs/api.zenchef.zh-innovation.tech/vendor/laravel/framework/src/Illuminate/Pipeline/Pipeline.php(219): Illuminate\\Foundation\\Http\\Middleware\\InvokeDeferredCallbacks->handle()
#38 /home/zh-innovation-api-zenchef/htdocs/api.zenchef.zh-innovation.tech/vendor/laravel/framework/src/Illuminate/Http/Middleware/ValidatePathEncoding.php(28): Illuminate\\Pipeline\\Pipeline->{closure:{closure:Illuminate\\Pipeline\\Pipeline::carry():194}:195}()
#39 /home/zh-innovation-api-zenchef/htdocs/api.zenchef.zh-innovation.tech/vendor/laravel/framework/src/Illuminate/Pipeline/Pipeline.php(219): Illuminate\\Http\\Middleware\\ValidatePathEncoding->handle()
#40 /home/zh-innovation-api-zenchef/htdocs/api.zenchef.zh-innovation.tech/vendor/laravel/framework/src/Illuminate/Pipeline/Pipeline.php(137): Illuminate\\Pipeline\\Pipeline->{closure:{closure:Illuminate\\Pipeline\\Pipeline::carry():194}:195}()
#41 /home/zh-innovation-api-zenchef/htdocs/api.zenchef.zh-innovation.tech/vendor/laravel/framework/src/Illuminate/Foundation/Http/Kernel.php(175): Illuminate\\Pipeline\\Pipeline->then()
#42 /home/zh-innovation-api-zenchef/htdocs/api.zenchef.zh-innovation.tech/vendor/laravel/framework/src/Illuminate/Foundation/Http/Kernel.php(144): Illuminate\\Foundation\\Http\\Kernel->sendRequestThroughRouter()
#43 /home/zh-innovation-api-zenchef/htdocs/api.zenchef.zh-innovation.tech/vendor/laravel/framework/src/Illuminate/Foundation/Application.php(1227): Illuminate\\Foundation\\Http\\Kernel->handle()
#44 /home/zh-innovation-api-zenchef/htdocs/api.zenchef.zh-innovation.tech/public/index.php(20): Illuminate\\Foundation\\Application->handleRequest()
#45 {main}
"} 
[2026-09-14 12:02:26] local.ERROR: SQLSTATE[42S22]: Column not found: 1054 Unknown column 'address' in 'field list' (Connection: mysql, Host: 127.0.0.1, Port: 3306, Database: zenchef, SQL: select `id`, `name_ar`, `name_en`, `address`, `lat`, `lng`, `is_online_paused`, `pause_reason` from `branches` where `is_active` = 1) {"exception":"[object] (Illuminate\\Database\\QueryException(code: 42S22): SQLSTATE[42S22]: Column not found: 1054 Unknown column 'address' in 'field list' (Connection: mysql, Host: 127.0.0.1, Port: 3306, Database: zenchef, SQL: select `id`, `name_ar`, `name_en`, `address`, `lat`, `lng`, `is_online_paused`, `pause_reason` from `branches` where `is_active` = 1) at /home/zh-innovation-api-zenchef/htdocs/api.zenchef.zh-innovation.tech/vendor/laravel/framework/src/Illuminate/Database/Connection.php:857)
[stacktrace]
#0 /home/zh-innovation-api-zenchef/htdocs/api.zenchef.zh-innovation.tech/vendor/laravel/framework/src/Illuminate/Database/Connection.php(813): Illuminate\\Database\\Connection->runQueryCallback()
#1 /home/zh-innovation-api-zenchef/htdocs/api.zenchef.zh-innovation.tech/vendor/laravel/framework/src/Illuminate/Database/Connection.php(426): Illuminate\\Database\\Connection->run()
#2 /home/zh-innovation-api-zenchef/htdocs/api.zenchef.zh-innovation.tech/vendor/laravel/framework/src/Illuminate/Database/Query/Builder.php(3629): Illuminate\\Database\\Connection->select()
#3 /home/zh-innovation-api-zenchef/htdocs/api.zenchef.zh-innovation.tech/vendor/laravel/framework/src/Illuminate/Database/Query/Builder.php(3613): Illuminate\\Database\\Query\\Builder->runSelect()
#4 /home/zh-innovation-api-zenchef/htdocs/api.zenchef.zh-innovation.tech/vendor/laravel/framework/src/Illuminate/Database/Eloquent/Builder.php(931): Illuminate\\Database\\Query\\Builder->get()
#5 /home/zh-innovation-api-zenchef/htdocs/api.zenchef.zh-innovation.tech/vendor/laravel/framework/src/Illuminate/Database/Eloquent/Builder.php(913): Illuminate\\Database\\Eloquent\\Builder->getModels()
#6 /home/zh-innovation-api-zenchef/htdocs/api.zenchef.zh-innovation.tech/app/Http/Controllers/Api/Menu/OnlineMenuController.php(46): Illuminate\\Database\\Eloquent\\Builder->get()
#7 /home/zh-innovation-api-zenchef/htdocs/api.zenchef.zh-innovation.tech/vendor/laravel/framework/src/Illuminate/Routing/ControllerDispatcher.php(46): App\\Http\\Controllers\\Api\\Menu\\OnlineMenuController->index()
#8 /home/zh-innovation-api-zenchef/htdocs/api.zenchef.zh-innovation.tech/vendor/laravel/framework/src/Illuminate/Routing/Route.php(276): Illuminate\\Routing\\ControllerDispatcher->dispatch()
#9 /home/zh-innovation-api-zenchef/htdocs/api.zenchef.zh-innovation.tech/vendor/laravel/framework/src/Illuminate/Routing/Route.php(216): Illuminate\\Routing\\Route->runController()
#10 /home/zh-innovation-api-zenchef/htdocs/api.zenchef.zh-innovation.tech/vendor/laravel/framework/src/Illuminate/Routing/Router.php(822): Illuminate\\Routing\\Route->run()
#11 /home/zh-innovation-api-zenchef/htdocs/api.zenchef.zh-innovation.tech/vendor/laravel/framework/src/Illuminate/Pipeline/Pipeline.php(180): Illuminate\\Routing\\Router->{closure:Illuminate\\Routing\\Router::runRouteWithinStack():821}()
#12 /home/zh-innovation-api-zenchef/htdocs/api.zenchef.zh-innovation.tech/vendor/laravel/framework/src/Illuminate/Routing/Middleware/SubstituteBindings.php(52): Illuminate\\Pipeline\\Pipeline->{closure:Illuminate\\Pipeline\\Pipeline::prepareDestination():178}()
#13 /home/zh-innovation-api-zenchef/htdocs/api.zenchef.zh-innovation.tech/vendor/laravel/framework/src/Illuminate/Pipeline/Pipeline.php(219): Illuminate\\Routing\\Middleware\\SubstituteBindings->handle()
#14 /home/zh-innovation-api-zenchef/htdocs/api.zenchef.zh-innovation.tech/vendor/laravel/framework/src/Illuminate/Pipeline/Pipeline.php(137): Illuminate\\Pipeline\\Pipeline->{closure:{closure:Illuminate\\Pipeline\\Pipeline::carry():194}:195}()
#15 /home/zh-innovation-api-zenchef/htdocs/api.zenchef.zh-innovation.tech/vendor/laravel/framework/src/Illuminate/Routing/Router.php(821): Illuminate\\Pipeline\\Pipeline->then()
#16 /home/zh-innovation-api-zenchef/htdocs/api.zenchef.zh-innovation.tech/vendor/laravel/framework/src/Illuminate/Routing/Router.php(800): Illuminate\\Routing\\Router->runRouteWithinStack()
#17 /home/zh-innovation-api-zenchef/htdocs/api.zenchef.zh-innovation.tech/vendor/laravel/framework/src/Illuminate/Routing/Router.php(764): Illuminate\\Routing\\Router->runRoute()
#18 /home/zh-innovation-api-zenchef/htdocs/api.zenchef.zh-innovation.tech/vendor/laravel/framework/src/Illuminate/Routing/Router.php(753): Illuminate\\Routing\\Router->dispatchToRoute()
#19 /home/zh-innovation-api-zenchef/htdocs/api.zenchef.zh-innovation.tech/vendor/laravel/framework/src/Illuminate/Foundation/Http/Kernel.php(200): Illuminate\\Routing\\Router->dispatch()
#20 /home/zh-innovation-api-zenchef/htdocs/api.zenchef.zh-innovation.tech/vendor/laravel/framework/src/Illuminate/Pipeline/Pipeline.php(180): Illuminate\\Foundation\\Http\\Kernel->{closure:Illuminate\\Foundation\\Http\\Kernel::dispatchToRouter():197}()
#21 /home/zh-innovation-api-zenchef/htdocs/api.zenchef.zh-innovation.tech/vendor/laravel/framework/src/Illuminate/Foundation/Http/Middleware/TransformsRequest.php(21): Illuminate\\Pipeline\\Pipeline->{closure:Illuminate\\Pipeline\\Pipeline::prepareDestination():178}()
#22 /home/zh-innovation-api-zenchef/htdocs/api.zenchef.zh-innovation.tech/vendor/laravel/framework/src/Illuminate/Foundation/Http/Middleware/ConvertEmptyStringsToNull.php(31): Illuminate\\Foundation\\Http\\Middleware\\TransformsRequest->handle()
#23 /home/zh-innovation-api-zenchef/htdocs/api.zenchef.zh-innovation.tech/vendor/laravel/framework/src/Illuminate/Pipeline/Pipeline.php(219): Illuminate\\Foundation\\Http\\Middleware\\ConvertEmptyStringsToNull->handle()
#24 /home/zh-innovation-api-zenchef/htdocs/api.zenchef.zh-innovation.tech/vendor/laravel/framework/src/Illuminate/Foundation/Http/Middleware/TransformsRequest.php(21): Illuminate\\Pipeline\\Pipeline->{closure:{closure:Illuminate\\Pipeline\\Pipeline::carry():194}:195}()
#25 /home/zh-innovation-api-zenchef/htdocs/api.zenchef.zh-innovation.tech/vendor/laravel/framework/src/Illuminate/Foundation/Http/Middleware/TrimStrings.php(51): Illuminate\\Foundation\\Http\\Middleware\\TransformsRequest->handle()
#26 /home/zh-innovation-api-zenchef/htdocs/api.zenchef.zh-innovation.tech/vendor/laravel/framework/src/Illuminate/Pipeline/Pipeline.php(219): Illuminate\\Foundation\\Http\\Middleware\\TrimStrings->handle()
#27 /home/zh-innovation-api-zenchef/htdocs/api.zenchef.zh-innovation.tech/vendor/laravel/framework/src/Illuminate/Http/Middleware/ValidatePostSize.php(27): Illuminate\\Pipeline\\Pipeline->{closure:{closure:Illuminate\\Pipeline\\Pipeline::carry():194}:195}()
#28 /home/zh-innovation-api-zenchef/htdocs/api.zenchef.zh-innovation.tech/vendor/laravel/framework/src/Illuminate/Pipeline/Pipeline.php(219): Illuminate\\Http\\Middleware\\ValidatePostSize->handle()
#29 /home/zh-innovation-api-zenchef/htdocs/api.zenchef.zh-innovation.tech/vendor/laravel/framework/src/Illuminate/Foundation/Http/Middleware/PreventRequestsDuringMaintenance.php(110): Illuminate\\Pipeline\\Pipeline->{closure:{closure:Illuminate\\Pipeline\\Pipeline::carry():194}:195}()
#30 /home/zh-innovation-api-zenchef/htdocs/api.zenchef.zh-innovation.tech/vendor/laravel/framework/src/Illuminate/Pipeline/Pipeline.php(219): Illuminate\\Foundation\\Http\\Middleware\\PreventRequestsDuringMaintenance->handle()
#31 /home/zh-innovation-api-zenchef/htdocs/api.zenchef.zh-innovation.tech/vendor/laravel/framework/src/Illuminate/Http/Middleware/HandleCors.php(74): Illuminate\\Pipeline\\Pipeline->{closure:{closure:Illuminate\\Pipeline\\Pipeline::carry():194}:195}()
#32 /home/zh-innovation-api-zenchef/htdocs/api.zenchef.zh-innovation.tech/vendor/laravel/framework/src/Illuminate/Pipeline/Pipeline.php(219): Illuminate\\Http\\Middleware\\HandleCors->handle()
#33 /home/zh-innovation-api-zenchef/htdocs/api.zenchef.zh-innovation.tech/vendor/laravel/framework/src/Illuminate/Http/Middleware/TrustProxies.php(58): Illuminate\\Pipeline\\Pipeline->{closure:{closure:Illuminate\\Pipeline\\Pipeline::carry():194}:195}()
#34 /home/zh-innovation-api-zenchef/htdocs/api.zenchef.zh-innovation.tech/vendor/laravel/framework/src/Illuminate/Pipeline/Pipeline.php(219): Illuminate\\Http\\Middleware\\TrustProxies->handle()
#35 /home/zh-innovation-api-zenchef/htdocs/api.zenchef.zh-innovation.tech/vendor/laravel/framework/src/Illuminate/Foundation/Http/Middleware/InvokeDeferredCallbacks.php(22): Illuminate\\Pipeline\\Pipeline->{closure:{closure:Illuminate\\Pipeline\\Pipeline::carry():194}:195}()
#36 /home/zh-innovation-api-zenchef/htdocs/api.zenchef.zh-innovation.tech/vendor/laravel/framework/src/Illuminate/Pipeline/Pipeline.php(219): Illuminate\\Foundation\\Http\\Middleware\\InvokeDeferredCallbacks->handle()
#37 /home/zh-innovation-api-zenchef/htdocs/api.zenchef.zh-innovation.tech/vendor/laravel/framework/src/Illuminate/Http/Middleware/ValidatePathEncoding.php(28): Illuminate\\Pipeline\\Pipeline->{closure:{closure:Illuminate\\Pipeline\\Pipeline::carry():194}:195}()
#38 /home/zh-innovation-api-zenchef/htdocs/api.zenchef.zh-innovation.tech/vendor/laravel/framework/src/Illuminate/Pipeline/Pipeline.php(219): Illuminate\\Http\\Middleware\\ValidatePathEncoding->handle()
#39 /home/zh-innovation-api-zenchef/htdocs/api.zenchef.zh-innovation.tech/vendor/laravel/framework/src/Illuminate/Pipeline/Pipeline.php(137): Illuminate\\Pipeline\\Pipeline->{closure:{closure:Illuminate\\Pipeline\\Pipeline::carry():194}:195}()
#40 /home/zh-innovation-api-zenchef/htdocs/api.zenchef.zh-innovation.tech/vendor/laravel/framework/src/Illuminate/Foundation/Http/Kernel.php(175): Illuminate\\Pipeline\\Pipeline->then()
#41 /home/zh-innovation-api-zenchef/htdocs/api.zenchef.zh-innovation.tech/vendor/laravel/framework/src/Illuminate/Foundation/Http/Kernel.php(144): Illuminate\\Foundation\\Http\\Kernel->sendRequestThroughRouter()
#42 /home/zh-innovation-api-zenchef/htdocs/api.zenchef.zh-innovation.tech/vendor/laravel/framework/src/Illuminate/Foundation/Application.php(1227): Illuminate\\Foundation\\Http\\Kernel->handle()
#43 /home/zh-innovation-api-zenchef/htdocs/api.zenchef.zh-innovation.tech/public/index.php(20): Illuminate\\Foundation\\Application->handleRequest()
#44 {main}

[previous exception] [object] (PDOException(code: 42S22): SQLSTATE[42S22]: Column not found: 1054 Unknown column 'address' in 'field list' at /home/zh-innovation-api-zenchef/htdocs/api.zenchef.zh-innovation.tech/vendor/laravel/framework/src/Illuminate/Database/Connection.php:435)
[stacktrace]
#0 /home/zh-innovation-api-zenchef/htdocs/api.zenchef.zh-innovation.tech/vendor/laravel/framework/src/Illuminate/Database/Connection.php(435): PDO->prepare()
#1 /home/zh-innovation-api-zenchef/htdocs/api.zenchef.zh-innovation.tech/vendor/laravel/framework/src/Illuminate/Database/Connection.php(846): Illuminate\\Database\\Connection->{closure:Illuminate\\Database\\Connection::select():426}()
#2 /home/zh-innovation-api-zenchef/htdocs/api.zenchef.zh-innovation.tech/vendor/laravel/framework/src/Illuminate/Database/Connection.php(813): Illuminate\\Database\\Connection->runQueryCallback()
#3 /home/zh-innovation-api-zenchef/htdocs/api.zenchef.zh-innovation.tech/vendor/laravel/framework/src/Illuminate/Database/Connection.php(426): Illuminate\\Database\\Connection->run()
#4 /home/zh-innovation-api-zenchef/htdocs/api.zenchef.zh-innovation.tech/vendor/laravel/framework/src/Illuminate/Database/Query/Builder.php(3629): Illuminate\\Database\\Connection->select()
#5 /home/zh-innovation-api-zenchef/htdocs/api.zenchef.zh-innovation.tech/vendor/laravel/framework/src/Illuminate/Database/Query/Builder.php(3613): Illuminate\\Database\\Query\\Builder->runSelect()
#6 /home/zh-innovation-api-zenchef/htdocs/api.zenchef.zh-innovation.tech/vendor/laravel/framework/src/Illuminate/Database/Eloquent/Builder.php(931): Illuminate\\Database\\Query\\Builder->get()
#7 /home/zh-innovation-api-zenchef/htdocs/api.zenchef.zh-innovation.tech/vendor/laravel/framework/src/Illuminate/Database/Eloquent/Builder.php(913): Illuminate\\Database\\Eloquent\\Builder->getModels()
#8 /home/zh-innovation-api-zenchef/htdocs/api.zenchef.zh-innovation.tech/app/Http/Controllers/Api/Menu/OnlineMenuController.php(46): Illuminate\\Database\\Eloquent\\Builder->get()
#9 /home/zh-innovation-api-zenchef/htdocs/api.zenchef.zh-innovation.tech/vendor/laravel/framework/src/Illuminate/Routing/ControllerDispatcher.php(46): App\\Http\\Controllers\\Api\\Menu\\OnlineMenuController->index()
#10 /home/zh-innovation-api-zenchef/htdocs/api.zenchef.zh-innovation.tech/vendor/laravel/framework/src/Illuminate/Routing/Route.php(276): Illuminate\\Routing\\ControllerDispatcher->dispatch()
#11 /home/zh-innovation-api-zenchef/htdocs/api.zenchef.zh-innovation.tech/vendor/laravel/framework/src/Illuminate/Routing/Route.php(216): Illuminate\\Routing\\Route->runController()
#12 /home/zh-innovation-api-zenchef/htdocs/api.zenchef.zh-innovation.tech/vendor/laravel/framework/src/Illuminate/Routing/Router.php(822): Illuminate\\Routing\\Route->run()
#13 /home/zh-innovation-api-zenchef/htdocs/api.zenchef.zh-innovation.tech/vendor/laravel/framework/src/Illuminate/Pipeline/Pipeline.php(180): Illuminate\\Routing\\Router->{closure:Illuminate\\Routing\\Router::runRouteWithinStack():821}()
#14 /home/zh-innovation-api-zenchef/htdocs/api.zenchef.zh-innovation.tech/vendor/laravel/framework/src/Illuminate/Routing/Middleware/SubstituteBindings.php(52): Illuminate\\Pipeline\\Pipeline->{closure:Illuminate\\Pipeline\\Pipeline::prepareDestination():178}()
#15 /home/zh-innovation-api-zenchef/htdocs/api.zenchef.zh-innovation.tech/vendor/laravel/framework/src/Illuminate/Pipeline/Pipeline.php(219): Illuminate\\Routing\\Middleware\\SubstituteBindings->handle()
#16 /home/zh-innovation-api-zenchef/htdocs/api.zenchef.zh-innovation.tech/vendor/laravel/framework/src/Illuminate/Pipeline/Pipeline.php(137): Illuminate\\Pipeline\\Pipeline->{closure:{closure:Illuminate\\Pipeline\\Pipeline::carry():194}:195}()
#17 /home/zh-innovation-api-zenchef/htdocs/api.zenchef.zh-innovation.tech/vendor/laravel/framework/src/Illuminate/Routing/Router.php(821): Illuminate\\Pipeline\\Pipeline->then()
#18 /home/zh-innovation-api-zenchef/htdocs/api.zenchef.zh-innovation.tech/vendor/laravel/framework/src/Illuminate/Routing/Router.php(800): Illuminate\\Routing\\Router->runRouteWithinStack()
#19 /home/zh-innovation-api-zenchef/htdocs/api.zenchef.zh-innovation.tech/vendor/laravel/framework/src/Illuminate/Routing/Router.php(764): Illuminate\\Routing\\Router->runRoute()
#20 /home/zh-innovation-api-zenchef/htdocs/api.zenchef.zh-innovation.tech/vendor/laravel/framework/src/Illuminate/Routing/Router.php(753): Illuminate\\Routing\\Router->dispatchToRoute()
#21 /home/zh-innovation-api-zenchef/htdocs/api.zenchef.zh-innovation.tech/vendor/laravel/framework/src/Illuminate/Foundation/Http/Kernel.php(200): Illuminate\\Routing\\Router->dispatch()
#22 /home/zh-innovation-api-zenchef/htdocs/api.zenchef.zh-innovation.tech/vendor/laravel/framework/src/Illuminate/Pipeline/Pipeline.php(180): Illuminate\\Foundation\\Http\\Kernel->{closure:Illuminate\\Foundation\\Http\\Kernel::dispatchToRouter():197}()
#23 /home/zh-innovation-api-zenchef/htdocs/api.zenchef.zh-innovation.tech/vendor/laravel/framework/src/Illuminate/Foundation/Http/Middleware/TransformsRequest.php(21): Illuminate\\Pipeline\\Pipeline->{closure:Illuminate\\Pipeline\\Pipeline::prepareDestination():178}()
#24 /home/zh-innovation-api-zenchef/htdocs/api.zenchef.zh-innovation.tech/vendor/laravel/framework/src/Illuminate/Foundation/Http/Middleware/ConvertEmptyStringsToNull.php(31): Illuminate\\Foundation\\Http\\Middleware\\TransformsRequest->handle()
#25 /home/zh-innovation-api-zenchef/htdocs/api.zenchef.zh-innovation.tech/vendor/laravel/framework/src/Illuminate/Pipeline/Pipeline.php(219): Illuminate\\Foundation\\Http\\Middleware\\ConvertEmptyStringsToNull->handle()
#26 /home/zh-innovation-api-zenchef/htdocs/api.zenchef.zh-innovation.tech/vendor/laravel/framework/src/Illuminate/Foundation/Http/Middleware/TransformsRequest.php(21): Illuminate\\Pipeline\\Pipeline->{closure:{closure:Illuminate\\Pipeline\\Pipeline::carry():194}:195}()
#27 /home/zh-innovation-api-zenchef/htdocs/api.zenchef.zh-innovation.tech/vendor/laravel/framework/src/Illuminate/Foundation/Http/Middleware/TrimStrings.php(51): Illuminate\\Foundation\\Http\\Middleware\\TransformsRequest->handle()
#28 /home/zh-innovation-api-zenchef/htdocs/api.zenchef.zh-innovation.tech/vendor/laravel/framework/src/Illuminate/Pipeline/Pipeline.php(219): Illuminate\\Foundation\\Http\\Middleware\\TrimStrings->handle()
#29 /home/zh-innovation-api-zenchef/htdocs/api.zenchef.zh-innovation.tech/vendor/laravel/framework/src/Illuminate/Http/Middleware/ValidatePostSize.php(27): Illuminate\\Pipeline\\Pipeline->{closure:{closure:Illuminate\\Pipeline\\Pipeline::carry():194}:195}()
#30 /home/zh-innovation-api-zenchef/htdocs/api.zenchef.zh-innovation.tech/vendor/laravel/framework/src/Illuminate/Pipeline/Pipeline.php(219): Illuminate\\Http\\Middleware\\ValidatePostSize->handle()
#31 /home/zh-innovation-api-zenchef/htdocs/api.zenchef.zh-innovation.tech/vendor/laravel/framework/src/Illuminate/Foundation/Http/Middleware/PreventRequestsDuringMaintenance.php(110): Illuminate\\Pipeline\\Pipeline->{closure:{closure:Illuminate\\Pipeline\\Pipeline::carry():194}:195}()
#32 /home/zh-innovation-api-zenchef/htdocs/api.zenchef.zh-innovation.tech/vendor/laravel/framework/src/Illuminate/Pipeline/Pipeline.php(219): Illuminate\\Foundation\\Http\\Middleware\\PreventRequestsDuringMaintenance->handle()
#33 /home/zh-innovation-api-zenchef/htdocs/api.zenchef.zh-innovation.tech/vendor/laravel/framework/src/Illuminate/Http/Middleware/HandleCors.php(74): Illuminate\\Pipeline\\Pipeline->{closure:{closure:Illuminate\\Pipeline\\Pipeline::carry():194}:195}()
#34 /home/zh-innovation-api-zenchef/htdocs/api.zenchef.zh-innovation.tech/vendor/laravel/framework/src/Illuminate/Pipeline/Pipeline.php(219): Illuminate\\Http\\Middleware\\HandleCors->handle()
#35 /home/zh-innovation-api-zenchef/htdocs/api.zenchef.zh-innovation.tech/vendor/laravel/framework/src/Illuminate/Http/Middleware/TrustProxies.php(58): Illuminate\\Pipeline\\Pipeline->{closure:{closure:Illuminate\\Pipeline\\Pipeline::carry():194}:195}()
#36 /home/zh-innovation-api-zenchef/htdocs/api.zenchef.zh-innovation.tech/vendor/laravel/framework/src/Illuminate/Pipeline/Pipeline.php(219): Illuminate\\Http\\Middleware\\TrustProxies->handle()
#37 /home/zh-innovation-api-zenchef/htdocs/api.zenchef.zh-innovation.tech/vendor/laravel/framework/src/Illuminate/Foundation/Http/Middleware/InvokeDeferredCallbacks.php(22): Illuminate\\Pipeline\\Pipeline->{closure:{closure:Illuminate\\Pipeline\\Pipeline::carry():194}:195}()
#38 /home/zh-innovation-api-zenchef/htdocs/api.zenchef.zh-innovation.tech/vendor/laravel/framework/src/Illuminate/Pipeline/Pipeline.php(219): Illuminate\\Foundation\\Http\\Middleware\\InvokeDeferredCallbacks->handle()
#39 /home/zh-innovation-api-zenchef/htdocs/api.zenchef.zh-innovation.tech/vendor/laravel/framework/src/Illuminate/Http/Middleware/ValidatePathEncoding.php(28): Illuminate\\Pipeline\\Pipeline->{closure:{closure:Illuminate\\Pipeline\\Pipeline::carry():194}:195}()
#40 /home/zh-innovation-api-zenchef/htdocs/api.zenchef.zh-innovation.tech/vendor/laravel/framework/src/Illuminate/Pipeline/Pipeline.php(219): Illuminate\\Http\\Middleware\\ValidatePathEncoding->handle()
#41 /home/zh-innovation-api-zenchef/htdocs/api.zenchef.zh-innovation.tech/vendor/laravel/framework/src/Illuminate/Pipeline/Pipeline.php(137): Illuminate\\Pipeline\\Pipeline->{closure:{closure:Illuminate\\Pipeline\\Pipeline::carry():194}:195}()
#42 /home/zh-innovation-api-zenchef/htdocs/api.zenchef.zh-innovation.tech/vendor/laravel/framework/src/Illuminate/Foundation/Http/Kernel.php(175): Illuminate\\Pipeline\\Pipeline->then()
#43 /home/zh-innovation-api-zenchef/htdocs/api.zenchef.zh-innovation.tech/vendor/laravel/framework/src/Illuminate/Foundation/Http/Kernel.php(144): Illuminate\\Foundation\\Http\\Kernel->sendRequestThroughRouter()
#44 /home/zh-innovation-api-zenchef/htdocs/api.zenchef.zh-innovation.tech/vendor/laravel/framework/src/Illuminate/Foundation/Application.php(1227): Illuminate\\Foundation\\Http\\Kernel->handle()
#45 /home/zh-innovation-api-zenchef/htdocs/api.zenchef.zh-innovation.tech/public/index.php(20): Illuminate\\Foundation\\Application->handleRequest()
#46 {main}
"} 
[2026-09-14 12:02:28] local.ERROR: SQLSTATE[42S22]: Column not found: 1054 Unknown column 'address' in 'field list' (Connection: mysql, Host: 127.0.0.1, Port: 3306, Database: zenchef, SQL: select `id`, `name_ar`, `name_en`, `address`, `lat`, `lng`, `is_online_paused`, `pause_reason` from `branches` where `is_active` = 1) {"exception":"[object] (Illuminate\\Database\\QueryException(code: 42S22): SQLSTATE[42S22]: Column not found: 1054 Unknown column 'address' in 'field list' (Connection: mysql, Host: 127.0.0.1, Port: 3306, Database: zenchef, SQL: select `id`, `name_ar`, `name_en`, `address`, `lat`, `lng`, `is_online_paused`, `pause_reason` from `branches` where `is_active` = 1) at /home/zh-innovation-api-zenchef/htdocs/api.zenchef.zh-innovation.tech/vendor/laravel/framework/src/Illuminate/Database/Connection.php:857)
[stacktrace]
#0 /home/zh-innovation-api-zenchef/htdocs/api.zenchef.zh-innovation.tech/vendor/laravel/framework/src/Illuminate/Database/Connection.php(813): Illuminate\\Database\\Connection->runQueryCallback()
#1 /home/zh-innovation-api-zenchef/htdocs/api.zenchef.zh-innovation.tech/vendor/laravel/framework/src/Illuminate/Database/Connection.php(426): Illuminate\\Database\\Connection->run()
#2 /home/zh-innovation-api-zenchef/htdocs/api.zenchef.zh-innovation.tech/vendor/laravel/framework/src/Illuminate/Database/Query/Builder.php(3629): Illuminate\\Database\\Connection->select()
#3 /home/zh-innovation-api-zenchef/htdocs/api.zenchef.zh-innovation.tech/vendor/laravel/framework/src/Illuminate/Database/Query/Builder.php(3613): Illuminate\\Database\\Query\\Builder->runSelect()
#4 /home/zh-innovation-api-zenchef/htdocs/api.zenchef.zh-innovation.tech/vendor/laravel/framework/src/Illuminate/Database/Eloquent/Builder.php(931): Illuminate\\Database\\Query\\Builder->get()
#5 /home/zh-innovation-api-zenchef/htdocs/api.zenchef.zh-innovation.tech/vendor/laravel/framework/src/Illuminate/Database/Eloquent/Builder.php(913): Illuminate\\Database\\Eloquent\\Builder->getModels()
#6 /home/zh-innovation-api-zenchef/htdocs/api.zenchef.zh-innovation.tech/app/Http/Controllers/Api/Menu/OnlineMenuController.php(46): Illuminate\\Database\\Eloquent\\Builder->get()
#7 /home/zh-innovation-api-zenchef/htdocs/api.zenchef.zh-innovation.tech/vendor/laravel/framework/src/Illuminate/Routing/ControllerDispatcher.php(46): App\\Http\\Controllers\\Api\\Menu\\OnlineMenuController->index()
#8 /home/zh-innovation-api-zenchef/htdocs/api.zenchef.zh-innovation.tech/vendor/laravel/framework/src/Illuminate/Routing/Route.php(276): Illuminate\\Routing\\ControllerDispatcher->dispatch()
#9 /home/zh-innovation-api-zenchef/htdocs/api.zenchef.zh-innovation.tech/vendor/laravel/framework/src/Illuminate/Routing/Route.php(216): Illuminate\\Routing\\Route->runController()
#10 /home/zh-innovation-api-zenchef/htdocs/api.zenchef.zh-innovation.tech/vendor/laravel/framework/src/Illuminate/Routing/Router.php(822): Illuminate\\Routing\\Route->run()
#11 /home/zh-innovation-api-zenchef/htdocs/api.zenchef.zh-innovation.tech/vendor/laravel/framework/src/Illuminate/Pipeline/Pipeline.php(180): Illuminate\\Routing\\Router->{closure:Illuminate\\Routing\\Router::runRouteWithinStack():821}()
#12 /home/zh-innovation-api-zenchef/htdocs/api.zenchef.zh-innovation.tech/vendor/laravel/framework/src/Illuminate/Routing/Middleware/SubstituteBindings.php(52): Illuminate\\Pipeline\\Pipeline->{closure:Illuminate\\Pipeline\\Pipeline::prepareDestination():178}()
#13 /home/zh-innovation-api-zenchef/htdocs/api.zenchef.zh-innovation.tech/vendor/laravel/framework/src/Illuminate/Pipeline/Pipeline.php(219): Illuminate\\Routing\\Middleware\\SubstituteBindings->handle()
#14 /home/zh-innovation-api-zenchef/htdocs/api.zenchef.zh-innovation.tech/vendor/laravel/framework/src/Illuminate/Pipeline/Pipeline.php(137): Illuminate\\Pipeline\\Pipeline->{closure:{closure:Illuminate\\Pipeline\\Pipeline::carry():194}:195}()
#15 /home/zh-innovation-api-zenchef/htdocs/api.zenchef.zh-innovation.tech/vendor/laravel/framework/src/Illuminate/Routing/Router.php(821): Illuminate\\Pipeline\\Pipeline->then()
#16 /home/zh-innovation-api-zenchef/htdocs/api.zenchef.zh-innovation.tech/vendor/laravel/framework/src/Illuminate/Routing/Router.php(800): Illuminate\\Routing\\Router->runRouteWithinStack()
#17 /home/zh-innovation-api-zenchef/htdocs/api.zenchef.zh-innovation.tech/vendor/laravel/framework/src/Illuminate/Routing/Router.php(764): Illuminate\\Routing\\Router->runRoute()
#18 /home/zh-innovation-api-zenchef/htdocs/api.zenchef.zh-innovation.tech/vendor/laravel/framework/src/Illuminate/Routing/Router.php(753): Illuminate\\Routing\\Router->dispatchToRoute()
#19 /home/zh-innovation-api-zenchef/htdocs/api.zenchef.zh-innovation.tech/vendor/laravel/framework/src/Illuminate/Foundation/Http/Kernel.php(200): Illuminate\\Routing\\Router->dispatch()
#20 /home/zh-innovation-api-zenchef/htdocs/api.zenchef.zh-innovation.tech/vendor/laravel/framework/src/Illuminate/Pipeline/Pipeline.php(180): Illuminate\\Foundation\\Http\\Kernel->{closure:Illuminate\\Foundation\\Http\\Kernel::dispatchToRouter():197}()
#21 /home/zh-innovation-api-zenchef/htdocs/api.zenchef.zh-innovation.tech/vendor/laravel/framework/src/Illuminate/Foundation/Http/Middleware/TransformsRequest.php(21): Illuminate\\Pipeline\\Pipeline->{closure:Illuminate\\Pipeline\\Pipeline::prepareDestination():178}()
#22 /home/zh-innovation-api-zenchef/htdocs/api.zenchef.zh-innovation.tech/vendor/laravel/framework/src/Illuminate/Foundation/Http/Middleware/ConvertEmptyStringsToNull.php(31): Illuminate\\Foundation\\Http\\Middleware\\TransformsRequest->handle()
#23 /home/zh-innovation-api-zenchef/htdocs/api.zenchef.zh-innovation.tech/vendor/laravel/framework/src/Illuminate/Pipeline/Pipeline.php(219): Illuminate\\Foundation\\Http\\Middleware\\ConvertEmptyStringsToNull->handle()
#24 /home/zh-innovation-api-zenchef/htdocs/api.zenchef.zh-innovation.tech/vendor/laravel/framework/src/Illuminate/Foundation/Http/Middleware/TransformsRequest.php(21): Illuminate\\Pipeline\\Pipeline->{closure:{closure:Illuminate\\Pipeline\\Pipeline::carry():194}:195}()
#25 /home/zh-innovation-api-zenchef/htdocs/api.zenchef.zh-innovation.tech/vendor/laravel/framework/src/Illuminate/Foundation/Http/Middleware/TrimStrings.php(51): Illuminate\\Foundation\\Http\\Middleware\\TransformsRequest->handle()
#26 /home/zh-innovation-api-zenchef/htdocs/api.zenchef.zh-innovation.tech/vendor/laravel/framework/src/Illuminate/Pipeline/Pipeline.php(219): Illuminate\\Foundation\\Http\\Middleware\\TrimStrings->handle()
#27 /home/zh-innovation-api-zenchef/htdocs/api.zenchef.zh-innovation.tech/vendor/laravel/framework/src/Illuminate/Http/Middleware/ValidatePostSize.php(27): Illuminate\\Pipeline\\Pipeline->{closure:{closure:Illuminate\\Pipeline\\Pipeline::carry():194}:195}()
#28 /home/zh-innovation-api-zenchef/htdocs/api.zenchef.zh-innovation.tech/vendor/laravel/framework/src/Illuminate/Pipeline/Pipeline.php(219): Illuminate\\Http\\Middleware\\ValidatePostSize->handle()
#29 /home/zh-innovation-api-zenchef/htdocs/api.zenchef.zh-innovation.tech/vendor/laravel/framework/src/Illuminate/Foundation/Http/Middleware/PreventRequestsDuringMaintenance.php(110): Illuminate\\Pipeline\\Pipeline->{closure:{closure:Illuminate\\Pipeline\\Pipeline::carry():194}:195}()
#30 /home/zh-innovation-api-zenchef/htdocs/api.zenchef.zh-innovation.tech/vendor/laravel/framework/src/Illuminate/Pipeline/Pipeline.php(219): Illuminate\\Foundation\\Http\\Middleware\\PreventRequestsDuringMaintenance->handle()
#31 /home/zh-innovation-api-zenchef/htdocs/api.zenchef.zh-innovation.tech/vendor/laravel/framework/src/Illuminate/Http/Middleware/HandleCors.php(74): Illuminate\\Pipeline\\Pipeline->{closure:{closure:Illuminate\\Pipeline\\Pipeline::carry():194}:195}()
#32 /home/zh-innovation-api-zenchef/htdocs/api.zenchef.zh-innovation.tech/vendor/laravel/framework/src/Illuminate/Pipeline/Pipeline.php(219): Illuminate\\Http\\Middleware\\HandleCors->handle()
#33 /home/zh-innovation-api-zenchef/htdocs/api.zenchef.zh-innovation.tech/vendor/laravel/framework/src/Illuminate/Http/Middleware/TrustProxies.php(58): Illuminate\\Pipeline\\Pipeline->{closure:{closure:Illuminate\\Pipeline\\Pipeline::carry():194}:195}()
#34 /home/zh-innovation-api-zenchef/htdocs/api.zenchef.zh-innovation.tech/vendor/laravel/framework/src/Illuminate/Pipeline/Pipeline.php(219): Illuminate\\Http\\Middleware\\TrustProxies->handle()
#35 /home/zh-innovation-api-zenchef/htdocs/api.zenchef.zh-innovation.tech/vendor/laravel/framework/src/Illuminate/Foundation/Http/Middleware/InvokeDeferredCallbacks.php(22): Illuminate\\Pipeline\\Pipeline->{closure:{closure:Illuminate\\Pipeline\\Pipeline::carry():194}:195}()
#36 /home/zh-innovation-api-zenchef/htdocs/api.zenchef.zh-innovation.tech/vendor/laravel/framework/src/Illuminate/Pipeline/Pipeline.php(219): Illuminate\\Foundation\\Http\\Middleware\\InvokeDeferredCallbacks->handle()
#37 /home/zh-innovation-api-zenchef/htdocs/api.zenchef.zh-innovation.tech/vendor/laravel/framework/src/Illuminate/Http/Middleware/ValidatePathEncoding.php(28): Illuminate\\Pipeline\\Pipeline->{closure:{closure:Illuminate\\Pipeline\\Pipeline::carry():194}:195}()
#38 /home/zh-innovation-api-zenchef/htdocs/api.zenchef.zh-innovation.tech/vendor/laravel/framework/src/Illuminate/Pipeline/Pipeline.php(219): Illuminate\\Http\\Middleware\\ValidatePathEncoding->handle()
#39 /home/zh-innovation-api-zenchef/htdocs/api.zenchef.zh-innovation.tech/vendor/laravel/framework/src/Illuminate/Pipeline/Pipeline.php(137): Illuminate\\Pipeline\\Pipeline->{closure:{closure:Illuminate\\Pipeline\\Pipeline::carry():194}:195}()
#40 /home/zh-innovation-api-zenchef/htdocs/api.zenchef.zh-innovation.tech/vendor/laravel/framework/src/Illuminate/Foundation/Http/Kernel.php(175): Illuminate\\Pipeline\\Pipeline->then()
#41 /home/zh-innovation-api-zenchef/htdocs/api.zenchef.zh-innovation.tech/vendor/laravel/framework/src/Illuminate/Foundation/Http/Kernel.php(144): Illuminate\\Foundation\\Http\\Kernel->sendRequestThroughRouter()
#42 /home/zh-innovation-api-zenchef/htdocs/api.zenchef.zh-innovation.tech/vendor/laravel/framework/src/Illuminate/Foundation/Application.php(1227): Illuminate\\Foundation\\Http\\Kernel->handle()
#43 /home/zh-innovation-api-zenchef/htdocs/api.zenchef.zh-innovation.tech/public/index.php(20): Illuminate\\Foundation\\Application->handleRequest()
#44 {main}

[previous exception] [object] (PDOException(code: 42S22): SQLSTATE[42S22]: Column not found: 1054 Unknown column 'address' in 'field list' at /home/zh-innovation-api-zenchef/htdocs/api.zenchef.zh-innovation.tech/vendor/laravel/framework/src/Illuminate/Database/Connection.php:435)
[stacktrace]
#0 /home/zh-innovation-api-zenchef/htdocs/api.zenchef.zh-innovation.tech/vendor/laravel/framework/src/Illuminate/Database/Connection.php(435): PDO->prepare()
#1 /home/zh-innovation-api-zenchef/htdocs/api.zenchef.zh-innovation.tech/vendor/laravel/framework/src/Illuminate/Database/Connection.php(846): Illuminate\\Database\\Connection->{closure:Illuminate\\Database\\Connection::select():426}()
#2 /home/zh-innovation-api-zenchef/htdocs/api.zenchef.zh-innovation.tech/vendor/laravel/framework/src/Illuminate/Database/Connection.php(813): Illuminate\\Database\\Connection->runQueryCallback()
#3 /home/zh-innovation-api-zenchef/htdocs/api.zenchef.zh-innovation.tech/vendor/laravel/framework/src/Illuminate/Database/Connection.php(426): Illuminate\\Database\\Connection->run()
#4 /home/zh-innovation-api-zenchef/htdocs/api.zenchef.zh-innovation.tech/vendor/laravel/framework/src/Illuminate/Database/Query/Builder.php(3629): Illuminate\\Database\\Connection->select()
#5 /home/zh-innovation-api-zenchef/htdocs/api.zenchef.zh-innovation.tech/vendor/laravel/framework/src/Illuminate/Database/Query/Builder.php(3613): Illuminate\\Database\\Query\\Builder->runSelect()
#6 /home/zh-innovation-api-zenchef/htdocs/api.zenchef.zh-innovation.tech/vendor/laravel/framework/src/Illuminate/Database/Eloquent/Builder.php(931): Illuminate\\Database\\Query\\Builder->get()
#7 /home/zh-innovation-api-zenchef/htdocs/api.zenchef.zh-innovation.tech/vendor/laravel/framework/src/Illuminate/Database/Eloquent/Builder.php(913): Illuminate\\Database\\Eloquent\\Builder->getModels()
#8 /home/zh-innovation-api-zenchef/htdocs/api.zenchef.zh-innovation.tech/app/Http/Controllers/Api/Menu/OnlineMenuController.php(46): Illuminate\\Database\\Eloquent\\Builder->get()
#9 /home/zh-innovation-api-zenchef/htdocs/api.zenchef.zh-innovation.tech/vendor/laravel/framework/src/Illuminate/Routing/ControllerDispatcher.php(46): App\\Http\\Controllers\\Api\\Menu\\OnlineMenuController->index()
#10 /home/zh-innovation-api-zenchef/htdocs/api.zenchef.zh-innovation.tech/vendor/laravel/framework/src/Illuminate/Routing/Route.php(276): Illuminate\\Routing\\ControllerDispatcher->dispatch()
#11 /home/zh-innovation-api-zenchef/htdocs/api.zenchef.zh-innovation.tech/vendor/laravel/framework/src/Illuminate/Routing/Route.php(216): Illuminate\\Routing\\Route->runController()
#12 /home/zh-innovation-api-zenchef/htdocs/api.zenchef.zh-innovation.tech/vendor/laravel/framework/src/Illuminate/Routing/Router.php(822): Illuminate\\Routing\\Route->run()
#13 /home/zh-innovation-api-zenchef/htdocs/api.zenchef.zh-innovation.tech/vendor/laravel/framework/src/Illuminate/Pipeline/Pipeline.php(180): Illuminate\\Routing\\Router->{closure:Illuminate\\Routing\\Router::runRouteWithinStack():821}()
#14 /home/zh-innovation-api-zenchef/htdocs/api.zenchef.zh-innovation.tech/vendor/laravel/framework/src/Illuminate/Routing/Middleware/SubstituteBindings.php(52): Illuminate\\Pipeline\\Pipeline->{closure:Illuminate\\Pipeline\\Pipeline::prepareDestination():178}()
#15 /home/zh-innovation-api-zenchef/htdocs/api.zenchef.zh-innovation.tech/vendor/laravel/framework/src/Illuminate/Pipeline/Pipeline.php(219): Illuminate\\Routing\\Middleware\\SubstituteBindings->handle()
#16 /home/zh-innovation-api-zenchef/htdocs/api.zenchef.zh-innovation.tech/vendor/laravel/framework/src/Illuminate/Pipeline/Pipeline.php(137): Illuminate\\Pipeline\\Pipeline->{closure:{closure:Illuminate\\Pipeline\\Pipeline::carry():194}:195}()
#17 /home/zh-innovation-api-zenchef/htdocs/api.zenchef.zh-innovation.tech/vendor/laravel/framework/src/Illuminate/Routing/Router.php(821): Illuminate\\Pipeline\\Pipeline->then()
#18 /home/zh-innovation-api-zenchef/htdocs/api.zenchef.zh-innovation.tech/vendor/laravel/framework/src/Illuminate/Routing/Router.php(800): Illuminate\\Routing\\Router->runRouteWithinStack()
#19 /home/zh-innovation-api-zenchef/htdocs/api.zenchef.zh-innovation.tech/vendor/laravel/framework/src/Illuminate/Routing/Router.php(764): Illuminate\\Routing\\Router->runRoute()
#20 /home/zh-innovation-api-zenchef/htdocs/api.zenchef.zh-innovation.tech/vendor/laravel/framework/src/Illuminate/Routing/Router.php(753): Illuminate\\Routing\\Router->dispatchToRoute()
#21 /home/zh-innovation-api-zenchef/htdocs/api.zenchef.zh-innovation.tech/vendor/laravel/framework/src/Illuminate/Foundation/Http/Kernel.php(200): Illuminate\\Routing\\Router->dispatch()
#22 /home/zh-innovation-api-zenchef/htdocs/api.zenchef.zh-innovation.tech/vendor/laravel/framework/src/Illuminate/Pipeline/Pipeline.php(180): Illuminate\\Foundation\\Http\\Kernel->{closure:Illuminate\\Foundation\\Http\\Kernel::dispatchToRouter():197}()
#23 /home/zh-innovation-api-zenchef/htdocs/api.zenchef.zh-innovation.tech/vendor/laravel/framework/src/Illuminate/Foundation/Http/Middleware/TransformsRequest.php(21): Illuminate\\Pipeline\\Pipeline->{closure:Illuminate\\Pipeline\\Pipeline::prepareDestination():178}()
#24 /home/zh-innovation-api-zenchef/htdocs/api.zenchef.zh-innovation.tech/vendor/laravel/framework/src/Illuminate/Foundation/Http/Middleware/ConvertEmptyStringsToNull.php(31): Illuminate\\Foundation\\Http\\Middleware\\TransformsRequest->handle()
#25 /home/zh-innovation-api-zenchef/htdocs/api.zenchef.zh-innovation.tech/vendor/laravel/framework/src/Illuminate/Pipeline/Pipeline.php(219): Illuminate\\Foundation\\Http\\Middleware\\ConvertEmptyStringsToNull->handle()
#26 /home/zh-innovation-api-zenchef/htdocs/api.zenchef.zh-innovation.tech/vendor/laravel/framework/src/Illuminate/Foundation/Http/Middleware/TransformsRequest.php(21): Illuminate\\Pipeline\\Pipeline->{closure:{closure:Illuminate\\Pipeline\\Pipeline::carry():194}:195}()
#27 /home/zh-innovation-api-zenchef/htdocs/api.zenchef.zh-innovation.tech/vendor/laravel/framework/src/Illuminate/Foundation/Http/Middleware/TrimStrings.php(51): Illuminate\\Foundation\\Http\\Middleware\\TransformsRequest->handle()
#28 /home/zh-innovation-api-zenchef/htdocs/api.zenchef.zh-innovation.tech/vendor/laravel/framework/src/Illuminate/Pipeline/Pipeline.php(219): Illuminate\\Foundation\\Http\\Middleware\\TrimStrings->handle()
#29 /home/zh-innovation-api-zenchef/htdocs/api.zenchef.zh-innovation.tech/vendor/laravel/framework/src/Illuminate/Http/Middleware/ValidatePostSize.php(27): Illuminate\\Pipeline\\Pipeline->{closure:{closure:Illuminate\\Pipeline\\Pipeline::carry():194}:195}()
#30 /home/zh-innovation-api-zenchef/htdocs/api.zenchef.zh-innovation.tech/vendor/laravel/framework/src/Illuminate/Pipeline/Pipeline.php(219): Illuminate\\Http\\Middleware\\ValidatePostSize->handle()
#31 /home/zh-innovation-api-zenchef/htdocs/api.zenchef.zh-innovation.tech/vendor/laravel/framework/src/Illuminate/Foundation/Http/Middleware/PreventRequestsDuringMaintenance.php(110): Illuminate\\Pipeline\\Pipeline->{closure:{closure:Illuminate\\Pipeline\\Pipeline::carry():194}:195}()
#32 /home/zh-innovation-api-zenchef/htdocs/api.zenchef.zh-innovation.tech/vendor/laravel/framework/src/Illuminate/Pipeline/Pipeline.php(219): Illuminate\\Foundation\\Http\\Middleware\\PreventRequestsDuringMaintenance->handle()
#33 /home/zh-innovation-api-zenchef/htdocs/api.zenchef.zh-innovation.tech/vendor/laravel/framework/src/Illuminate/Http/Middleware/HandleCors.php(74): Illuminate\\Pipeline\\Pipeline->{closure:{closure:Illuminate\\Pipeline\\Pipeline::carry():194}:195}()
#34 /home/zh-innovation-api-zenchef/htdocs/api.zenchef.zh-innovation.tech/vendor/laravel/framework/src/Illuminate/Pipeline/Pipeline.php(219): Illuminate\\Http\\Middleware\\HandleCors->handle()
#35 /home/zh-innovation-api-zenchef/htdocs/api.zenchef.zh-innovation.tech/vendor/laravel/framework/src/Illuminate/Http/Middleware/TrustProxies.php(58): Illuminate\\Pipeline\\Pipeline->{closure:{closure:Illuminate\\Pipeline\\Pipeline::carry():194}:195}()
#36 /home/zh-innovation-api-zenchef/htdocs/api.zenchef.zh-innovation.tech/vendor/laravel/framework/src/Illuminate/Pipeline/Pipeline.php(219): Illuminate\\Http\\Middleware\\TrustProxies->handle()
#37 /home/zh-innovation-api-zenchef/htdocs/api.zenchef.zh-innovation.tech/vendor/laravel/framework/src/Illuminate/Foundation/Http/Middleware/InvokeDeferredCallbacks.php(22): Illuminate\\Pipeline\\Pipeline->{closure:{closure:Illuminate\\Pipeline\\Pipeline::carry():194}:195}()
#38 /home/zh-innovation-api-zenchef/htdocs/api.zenchef.zh-innovation.tech/vendor/laravel/framework/src/Illuminate/Pipeline/Pipeline.php(219): Illuminate\\Foundation\\Http\\Middleware\\InvokeDeferredCallbacks->handle()
#39 /home/zh-innovation-api-zenchef/htdocs/api.zenchef.zh-innovation.tech/vendor/laravel/framework/src/Illuminate/Http/Middleware/ValidatePathEncoding.php(28): Illuminate\\Pipeline\\Pipeline->{closure:{closure:Illuminate\\Pipeline\\Pipeline::carry():194}:195}()
#40 /home/zh-innovation-api-zenchef/htdocs/api.zenchef.zh-innovation.tech/vendor/laravel/framework/src/Illuminate/Pipeline/Pipeline.php(219): Illuminate\\Http\\Middleware\\ValidatePathEncoding->handle()
#41 /home/zh-innovation-api-zenchef/htdocs/api.zenchef.zh-innovation.tech/vendor/laravel/framework/src/Illuminate/Pipeline/Pipeline.php(137): Illuminate\\Pipeline\\Pipeline->{closure:{closure:Illuminate\\Pipeline\\Pipeline::carry():194}:195}()
#42 /home/zh-innovation-api-zenchef/htdocs/api.zenchef.zh-innovation.tech/vendor/laravel/framework/src/Illuminate/Foundation/Http/Kernel.php(175): Illuminate\\Pipeline\\Pipeline->then()
#43 /home/zh-innovation-api-zenchef/htdocs/api.zenchef.zh-innovation.tech/vendor/laravel/framework/src/Illuminate/Foundation/Http/Kernel.php(144): Illuminate\\Foundation\\Http\\Kernel->sendRequestThroughRouter()
#44 /home/zh-innovation-api-zenchef/htdocs/api.zenchef.zh-innovation.tech/vendor/laravel/framework/src/Illuminate/Foundation/Application.php(1227): Illuminate\\Foundation\\Http\\Kernel->handle()
#45 /home/zh-innovation-api-zenchef/htdocs/api.zenchef.zh-innovation.tech/public/index.php(20): Illuminate\\Foundation\\Application->handleRequest()
#46 {main}
"} 
[2026-09-14 12:02:37] local.ERROR: SQLSTATE[42S22]: Column not found: 1054 Unknown column 'address' in 'field list' (Connection: mysql, Host: 127.0.0.1, Port: 3306, Database: zenchef, SQL: select `id`, `name_ar`, `name_en`, `address`, `lat`, `lng`, `is_online_paused`, `pause_reason` from `branches` where `is_active` = 1) {"exception":"[object] (Illuminate\\Database\\QueryException(code: 42S22): SQLSTATE[42S22]: Column not found: 1054 Unknown column 'address' in 'field list' (Connection: mysql, Host: 127.0.0.1, Port: 3306, Database: zenchef, SQL: select `id`, `name_ar`, `name_en`, `address`, `lat`, `lng`, `is_online_paused`, `pause_reason` from `branches` where `is_active` = 1) at /home/zh-innovation-api-zenchef/htdocs/api.zenchef.zh-innovation.tech/vendor/laravel/framework/src/Illuminate/Database/Connection.php:857)
[stacktrace]
#0 /home/zh-innovation-api-zenchef/htdocs/api.zenchef.zh-innovation.tech/vendor/laravel/framework/src/Illuminate/Database/Connection.php(813): Illuminate\\Database\\Connection->runQueryCallback()
#1 /home/zh-innovation-api-zenchef/htdocs/api.zenchef.zh-innovation.tech/vendor/laravel/framework/src/Illuminate/Database/Connection.php(426): Illuminate\\Database\\Connection->run()
#2 /home/zh-innovation-api-zenchef/htdocs/api.zenchef.zh-innovation.tech/vendor/laravel/framework/src/Illuminate/Database/Query/Builder.php(3629): Illuminate\\Database\\Connection->select()
#3 /home/zh-innovation-api-zenchef/htdocs/api.zenchef.zh-innovation.tech/vendor/laravel/framework/src/Illuminate/Database/Query/Builder.php(3613): Illuminate\\Database\\Query\\Builder->runSelect()
#4 /home/zh-innovation-api-zenchef/htdocs/api.zenchef.zh-innovation.tech/vendor/laravel/framework/src/Illuminate/Database/Eloquent/Builder.php(931): Illuminate\\Database\\Query\\Builder->get()
#5 /home/zh-innovation-api-zenchef/htdocs/api.zenchef.zh-innovation.tech/vendor/laravel/framework/src/Illuminate/Database/Eloquent/Builder.php(913): Illuminate\\Database\\Eloquent\\Builder->getModels()
#6 /home/zh-innovation-api-zenchef/htdocs/api.zenchef.zh-innovation.tech/app/Http/Controllers/Api/Menu/OnlineMenuController.php(46): Illuminate\\Database\\Eloquent\\Builder->get()
#7 /home/zh-innovation-api-zenchef/htdocs/api.zenchef.zh-innovation.tech/vendor/laravel/framework/src/Illuminate/Routing/ControllerDispatcher.php(46): App\\Http\\Controllers\\Api\\Menu\\OnlineMenuController->index()
#8 /home/zh-innovation-api-zenchef/htdocs/api.zenchef.zh-innovation.tech/vendor/laravel/framework/src/Illuminate/Routing/Route.php(276): Illuminate\\Routing\\ControllerDispatcher->dispatch()
#9 /home/zh-innovation-api-zenchef/htdocs/api.zenchef.zh-innovation.tech/vendor/laravel/framework/src/Illuminate/Routing/Route.php(216): Illuminate\\Routing\\Route->runController()
#10 /home/zh-innovation-api-zenchef/htdocs/api.zenchef.zh-innovation.tech/vendor/laravel/framework/src/Illuminate/Routing/Router.php(822): Illuminate\\Routing\\Route->run()
#11 /home/zh-innovation-api-zenchef/htdocs/api.zenchef.zh-innovation.tech/vendor/laravel/framework/src/Illuminate/Pipeline/Pipeline.php(180): Illuminate\\Routing\\Router->{closure:Illuminate\\Routing\\Router::runRouteWithinStack():821}()
#12 /home/zh-innovation-api-zenchef/htdocs/api.zenchef.zh-innovation.tech/vendor/laravel/framework/src/Illuminate/Routing/Middleware/SubstituteBindings.php(52): Illuminate\\Pipeline\\Pipeline->{closure:Illuminate\\Pipeline\\Pipeline::prepareDestination():178}()
#13 /home/zh-innovation-api-zenchef/htdocs/api.zenchef.zh-innovation.tech/vendor/laravel/framework/src/Illuminate/Pipeline/Pipeline.php(219): Illuminate\\Routing\\Middleware\\SubstituteBindings->handle()
#14 /home/zh-innovation-api-zenchef/htdocs/api.zenchef.zh-innovation.tech/vendor/laravel/framework/src/Illuminate/Pipeline/Pipeline.php(137): Illuminate\\Pipeline\\Pipeline->{closure:{closure:Illuminate\\Pipeline\\Pipeline::carry():194}:195}()
#15 /home/zh-innovation-api-zenchef/htdocs/api.zenchef.zh-innovation.tech/vendor/laravel/framework/src/Illuminate/Routing/Router.php(821): Illuminate\\Pipeline\\Pipeline->then()
#16 /home/zh-innovation-api-zenchef/htdocs/api.zenchef.zh-innovation.tech/vendor/laravel/framework/src/Illuminate/Routing/Router.php(800): Illuminate\\Routing\\Router->runRouteWithinStack()
#17 /home/zh-innovation-api-zenchef/htdocs/api.zenchef.zh-innovation.tech/vendor/laravel/framework/src/Illuminate/Routing/Router.php(764): Illuminate\\Routing\\Router->runRoute()
#18 /home/zh-innovation-api-zenchef/htdocs/api.zenchef.zh-innovation.tech/vendor/laravel/framework/src/Illuminate/Routing/Router.php(753): Illuminate\\Routing\\Router->dispatchToRoute()
#19 /home/zh-innovation-api-zenchef/htdocs/api.zenchef.zh-innovation.tech/vendor/laravel/framework/src/Illuminate/Foundation/Http/Kernel.php(200): Illuminate\\Routing\\Router->dispatch()
#20 /home/zh-innovation-api-zenchef/htdocs/api.zenchef.zh-innovation.tech/vendor/laravel/framework/src/Illuminate/Pipeline/Pipeline.php(180): Illuminate\\Foundation\\Http\\Kernel->{closure:Illuminate\\Foundation\\Http\\Kernel::dispatchToRouter():197}()
#21 /home/zh-innovation-api-zenchef/htdocs/api.zenchef.zh-innovation.tech/vendor/laravel/framework/src/Illuminate/Foundation/Http/Middleware/TransformsRequest.php(21): Illuminate\\Pipeline\\Pipeline->{closure:Illuminate\\Pipeline\\Pipeline::prepareDestination():178}()
#22 /home/zh-innovation-api-zenchef/htdocs/api.zenchef.zh-innovation.tech/vendor/laravel/framework/src/Illuminate/Foundation/Http/Middleware/ConvertEmptyStringsToNull.php(31): Illuminate\\Foundation\\Http\\Middleware\\TransformsRequest->handle()
#23 /home/zh-innovation-api-zenchef/htdocs/api.zenchef.zh-innovation.tech/vendor/laravel/framework/src/Illuminate/Pipeline/Pipeline.php(219): Illuminate\\Foundation\\Http\\Middleware\\ConvertEmptyStringsToNull->handle()
#24 /home/zh-innovation-api-zenchef/htdocs/api.zenchef.zh-innovation.tech/vendor/laravel/framework/src/Illuminate/Foundation/Http/Middleware/TransformsRequest.php(21): Illuminate\\Pipeline\\Pipeline->{closure:{closure:Illuminate\\Pipeline\\Pipeline::carry():194}:195}()
#25 /home/zh-innovation-api-zenchef/htdocs/api.zenchef.zh-innovation.tech/vendor/laravel/framework/src/Illuminate/Foundation/Http/Middleware/TrimStrings.php(51): Illuminate\\Foundation\\Http\\Middleware\\TransformsRequest->handle()
#26 /home/zh-innovation-api-zenchef/htdocs/api.zenchef.zh-innovation.tech/vendor/laravel/framework/src/Illuminate/Pipeline/Pipeline.php(219): Illuminate\\Foundation\\Http\\Middleware\\TrimStrings->handle()
#27 /home/zh-innovation-api-zenchef/htdocs/api.zenchef.zh-innovation.tech/vendor/laravel/framework/src/Illuminate/Http/Middleware/ValidatePostSize.php(27): Illuminate\\Pipeline\\Pipeline->{closure:{closure:Illuminate\\Pipeline\\Pipeline::carry():194}:195}()
#28 /home/zh-innovation-api-zenchef/htdocs/api.zenchef.zh-innovation.tech/vendor/laravel/framework/src/Illuminate/Pipeline/Pipeline.php(219): Illuminate\\Http\\Middleware\\ValidatePostSize->handle()
#29 /home/zh-innovation-api-zenchef/htdocs/api.zenchef.zh-innovation.tech/vendor/laravel/framework/src/Illuminate/Foundation/Http/Middleware/PreventRequestsDuringMaintenance.php(110): Illuminate\\Pipeline\\Pipeline->{closure:{closure:Illuminate\\Pipeline\\Pipeline::carry():194}:195}()
#30 /home/zh-innovation-api-zenchef/htdocs/api.zenchef.zh-innovation.tech/vendor/laravel/framework/src/Illuminate/Pipeline/Pipeline.php(219): Illuminate\\Foundation\\Http\\Middleware\\PreventRequestsDuringMaintenance->handle()
#31 /home/zh-innovation-api-zenchef/htdocs/api.zenchef.zh-innovation.tech/vendor/laravel/framework/src/Illuminate/Http/Middleware/HandleCors.php(74): Illuminate\\Pipeline\\Pipeline->{closure:{closure:Illuminate\\Pipeline\\Pipeline::carry():194}:195}()
#32 /home/zh-innovation-api-zenchef/htdocs/api.zenchef.zh-innovation.tech/vendor/laravel/framework/src/Illuminate/Pipeline/Pipeline.php(219): Illuminate\\Http\\Middleware\\HandleCors->handle()
#33 /home/zh-innovation-api-zenchef/htdocs/api.zenchef.zh-innovation.tech/vendor/laravel/framework/src/Illuminate/Http/Middleware/TrustProxies.php(58): Illuminate\\Pipeline\\Pipeline->{closure:{closure:Illuminate\\Pipeline\\Pipeline::carry():194}:195}()
#34 /home/zh-innovation-api-zenchef/htdocs/api.zenchef.zh-innovation.tech/vendor/laravel/framework/src/Illuminate/Pipeline/Pipeline.php(219): Illuminate\\Http\\Middleware\\TrustProxies->handle()
#35 /home/zh-innovation-api-zenchef/htdocs/api.zenchef.zh-innovation.tech/vendor/laravel/framework/src/Illuminate/Foundation/Http/Middleware/InvokeDeferredCallbacks.php(22): Illuminate\\Pipeline\\Pipeline->{closure:{closure:Illuminate\\Pipeline\\Pipeline::carry():194}:195}()
#36 /home/zh-innovation-api-zenchef/htdocs/api.zenchef.zh-innovation.tech/vendor/laravel/framework/src/Illuminate/Pipeline/Pipeline.php(219): Illuminate\\Foundation\\Http\\Middleware\\InvokeDeferredCallbacks->handle()
#37 /home/zh-innovation-api-zenchef/htdocs/api.zenchef.zh-innovation.tech/vendor/laravel/framework/src/Illuminate/Http/Middleware/ValidatePathEncoding.php(28): Illuminate\\Pipeline\\Pipeline->{closure:{closure:Illuminate\\Pipeline\\Pipeline::carry():194}:195}()
#38 /home/zh-innovation-api-zenchef/htdocs/api.zenchef.zh-innovation.tech/vendor/laravel/framework/src/Illuminate/Pipeline/Pipeline.php(219): Illuminate\\Http\\Middleware\\ValidatePathEncoding->handle()
#39 /home/zh-innovation-api-zenchef/htdocs/api.zenchef.zh-innovation.tech/vendor/laravel/framework/src/Illuminate/Pipeline/Pipeline.php(137): Illuminate\\Pipeline\\Pipeline->{closure:{closure:Illuminate\\Pipeline\\Pipeline::carry():194}:195}()
#40 /home/zh-innovation-api-zenchef/htdocs/api.zenchef.zh-innovation.tech/vendor/laravel/framework/src/Illuminate/Foundation/Http/Kernel.php(175): Illuminate\\Pipeline\\Pipeline->then()
#41 /home/zh-innovation-api-zenchef/htdocs/api.zenchef.zh-innovation.tech/vendor/laravel/framework/src/Illuminate/Foundation/Http/Kernel.php(144): Illuminate\\Foundation\\Http\\Kernel->sendRequestThroughRouter()
#42 /home/zh-innovation-api-zenchef/htdocs/api.zenchef.zh-innovation.tech/vendor/laravel/framework/src/Illuminate/Foundation/Application.php(1227): Illuminate\\Foundation\\Http\\Kernel->handle()
#43 /home/zh-innovation-api-zenchef/htdocs/api.zenchef.zh-innovation.tech/public/index.php(20): Illuminate\\Foundation\\Application->handleRequest()
#44 {main}

[previous exception] [object] (PDOException(code: 42S22): SQLSTATE[42S22]: Column not found: 1054 Unknown column 'address' in 'field list' at /home/zh-innovation-api-zenchef/htdocs/api.zenchef.zh-innovation.tech/vendor/laravel/framework/src/Illuminate/Database/Connection.php:435)
[stacktrace]
#0 /home/zh-innovation-api-zenchef/htdocs/api.zenchef.zh-innovation.tech/vendor/laravel/framework/src/Illuminate/Database/Connection.php(435): PDO->prepare()
#1 /home/zh-innovation-api-zenchef/htdocs/api.zenchef.zh-innovation.tech/vendor/laravel/framework/src/Illuminate/Database/Connection.php(846): Illuminate\\Database\\Connection->{closure:Illuminate\\Database\\Connection::select():426}()
#2 /home/zh-innovation-api-zenchef/htdocs/api.zenchef.zh-innovation.tech/vendor/laravel/framework/src/Illuminate/Database/Connection.php(813): Illuminate\\Database\\Connection->runQueryCallback()
#3 /home/zh-innovation-api-zenchef/htdocs/api.zenchef.zh-innovation.tech/vendor/laravel/framework/src/Illuminate/Database/Connection.php(426): Illuminate\\Database\\Connection->run()
#4 /home/zh-innovation-api-zenchef/htdocs/api.zenchef.zh-innovation.tech/vendor/laravel/framework/src/Illuminate/Database/Query/Builder.php(3629): Illuminate\\Database\\Connection->select()
#5 /home/zh-innovation-api-zenchef/htdocs/api.zenchef.zh-innovation.tech/vendor/laravel/framework/src/Illuminate/Database/Query/Builder.php(3613): Illuminate\\Database\\Query\\Builder->runSelect()
#6 /home/zh-innovation-api-zenchef/htdocs/api.zenchef.zh-innovation.tech/vendor/laravel/framework/src/Illuminate/Database/Eloquent/Builder.php(931): Illuminate\\Database\\Query\\Builder->get()
#7 /home/zh-innovation-api-zenchef/htdocs/api.zenchef.zh-innovation.tech/vendor/laravel/framework/src/Illuminate/Database/Eloquent/Builder.php(913): Illuminate\\Database\\Eloquent\\Builder->getModels()
#8 /home/zh-innovation-api-zenchef/htdocs/api.zenchef.zh-innovation.tech/app/Http/Controllers/Api/Menu/OnlineMenuController.php(46): Illuminate\\Database\\Eloquent\\Builder->get()
#9 /home/zh-innovation-api-zenchef/htdocs/api.zenchef.zh-innovation.tech/vendor/laravel/framework/src/Illuminate/Routing/ControllerDispatcher.php(46): App\\Http\\Controllers\\Api\\Menu\\OnlineMenuController->index()
#10 /home/zh-innovation-api-zenchef/htdocs/api.zenchef.zh-innovation.tech/vendor/laravel/framework/src/Illuminate/Routing/Route.php(276): Illuminate\\Routing\\ControllerDispatcher->dispatch()
#11 /home/zh-innovation-api-zenchef/htdocs/api.zenchef.zh-innovation.tech/vendor/laravel/framework/src/Illuminate/Routing/Route.php(216): Illuminate\\Routing\\Route->runController()
#12 /home/zh-innovation-api-zenchef/htdocs/api.zenchef.zh-innovation.tech/vendor/laravel/framework/src/Illuminate/Routing/Router.php(822): Illuminate\\Routing\\Route->run()
#13 /home/zh-innovation-api-zenchef/htdocs/api.zenchef.zh-innovation.tech/vendor/laravel/framework/src/Illuminate/Pipeline/Pipeline.php(180): Illuminate\\Routing\\Router->{closure:Illuminate\\Routing\\Router::runRouteWithinStack():821}()
#14 /home/zh-innovation-api-zenchef/htdocs/api.zenchef.zh-innovation.tech/vendor/laravel/framework/src/Illuminate/Routing/Middleware/SubstituteBindings.php(52): Illuminate\\Pipeline\\Pipeline->{closure:Illuminate\\Pipeline\\Pipeline::prepareDestination():178}()
#15 /home/zh-innovation-api-zenchef/htdocs/api.zenchef.zh-innovation.tech/vendor/laravel/framework/src/Illuminate/Pipeline/Pipeline.php(219): Illuminate\\Routing\\Middleware\\SubstituteBindings->handle()
#16 /home/zh-innovation-api-zenchef/htdocs/api.zenchef.zh-innovation.tech/vendor/laravel/framework/src/Illuminate/Pipeline/Pipeline.php(137): Illuminate\\Pipeline\\Pipeline->{closure:{closure:Illuminate\\Pipeline\\Pipeline::carry():194}:195}()
#17 /home/zh-innovation-api-zenchef/htdocs/api.zenchef.zh-innovation.tech/vendor/laravel/framework/src/Illuminate/Routing/Router.php(821): Illuminate\\Pipeline\\Pipeline->then()
#18 /home/zh-innovation-api-zenchef/htdocs/api.zenchef.zh-innovation.tech/vendor/laravel/framework/src/Illuminate/Routing/Router.php(800): Illuminate\\Routing\\Router->runRouteWithinStack()
#19 /home/zh-innovation-api-zenchef/htdocs/api.zenchef.zh-innovation.tech/vendor/laravel/framework/src/Illuminate/Routing/Router.php(764): Illuminate\\Routing\\Router->runRoute()
#20 /home/zh-innovation-api-zenchef/htdocs/api.zenchef.zh-innovation.tech/vendor/laravel/framework/src/Illuminate/Routing/Router.php(753): Illuminate\\Routing\\Router->dispatchToRoute()
#21 /home/zh-innovation-api-zenchef/htdocs/api.zenchef.zh-innovation.tech/vendor/laravel/framework/src/Illuminate/Foundation/Http/Kernel.php(200): Illuminate\\Routing\\Router->dispatch()
#22 /home/zh-innovation-api-zenchef/htdocs/api.zenchef.zh-innovation.tech/vendor/laravel/framework/src/Illuminate/Pipeline/Pipeline.php(180): Illuminate\\Foundation\\Http\\Kernel->{closure:Illuminate\\Foundation\\Http\\Kernel::dispatchToRouter():197}()
#23 /home/zh-innovation-api-zenchef/htdocs/api.zenchef.zh-innovation.tech/vendor/laravel/framework/src/Illuminate/Foundation/Http/Middleware/TransformsRequest.php(21): Illuminate\\Pipeline\\Pipeline->{closure:Illuminate\\Pipeline\\Pipeline::prepareDestination():178}()
#24 /home/zh-innovation-api-zenchef/htdocs/api.zenchef.zh-innovation.tech/vendor/laravel/framework/src/Illuminate/Foundation/Http/Middleware/ConvertEmptyStringsToNull.php(31): Illuminate\\Foundation\\Http\\Middleware\\TransformsRequest->handle()
#25 /home/zh-innovation-api-zenchef/htdocs/api.zenchef.zh-innovation.tech/vendor/laravel/framework/src/Illuminate/Pipeline/Pipeline.php(219): Illuminate\\Foundation\\Http\\Middleware\\ConvertEmptyStringsToNull->handle()
#26 /home/zh-innovation-api-zenchef/htdocs/api.zenchef.zh-innovation.tech/vendor/laravel/framework/src/Illuminate/Foundation/Http/Middleware/TransformsRequest.php(21): Illuminate\\Pipeline\\Pipeline->{closure:{closure:Illuminate\\Pipeline\\Pipeline::carry():194}:195}()
#27 /home/zh-innovation-api-zenchef/htdocs/api.zenchef.zh-innovation.tech/vendor/laravel/framework/src/Illuminate/Foundation/Http/Middleware/TrimStrings.php(51): Illuminate\\Foundation\\Http\\Middleware\\TransformsRequest->handle()
#28 /home/zh-innovation-api-zenchef/htdocs/api.zenchef.zh-innovation.tech/vendor/laravel/framework/src/Illuminate/Pipeline/Pipeline.php(219): Illuminate\\Foundation\\Http\\Middleware\\TrimStrings->handle()
#29 /home/zh-innovation-api-zenchef/htdocs/api.zenchef.zh-innovation.tech/vendor/laravel/framework/src/Illuminate/Http/Middleware/ValidatePostSize.php(27): Illuminate\\Pipeline\\Pipeline->{closure:{closure:Illuminate\\Pipeline\\Pipeline::carry():194}:195}()
#30 /home/zh-innovation-api-zenchef/htdocs/api.zenchef.zh-innovation.tech/vendor/laravel/framework/src/Illuminate/Pipeline/Pipeline.php(219): Illuminate\\Http\\Middleware\\ValidatePostSize->handle()
#31 /home/zh-innovation-api-zenchef/htdocs/api.zenchef.zh-innovation.tech/vendor/laravel/framework/src/Illuminate/Foundation/Http/Middleware/PreventRequestsDuringMaintenance.php(110): Illuminate\\Pipeline\\Pipeline->{closure:{closure:Illuminate\\Pipeline\\Pipeline::carry():194}:195}()
#32 /home/zh-innovation-api-zenchef/htdocs/api.zenchef.zh-innovation.tech/vendor/laravel/framework/src/Illuminate/Pipeline/Pipeline.php(219): Illuminate\\Foundation\\Http\\Middleware\\PreventRequestsDuringMaintenance->handle()
#33 /home/zh-innovation-api-zenchef/htdocs/api.zenchef.zh-innovation.tech/vendor/laravel/framework/src/Illuminate/Http/Middleware/HandleCors.php(74): Illuminate\\Pipeline\\Pipeline->{closure:{closure:Illuminate\\Pipeline\\Pipeline::carry():194}:195}()
#34 /home/zh-innovation-api-zenchef/htdocs/api.zenchef.zh-innovation.tech/vendor/laravel/framework/src/Illuminate/Pipeline/Pipeline.php(219): Illuminate\\Http\\Middleware\\HandleCors->handle()
#35 /home/zh-innovation-api-zenchef/htdocs/api.zenchef.zh-innovation.tech/vendor/laravel/framework/src/Illuminate/Http/Middleware/TrustProxies.php(58): Illuminate\\Pipeline\\Pipeline->{closure:{closure:Illuminate\\Pipeline\\Pipeline::carry():194}:195}()
#36 /home/zh-innovation-api-zenchef/htdocs/api.zenchef.zh-innovation.tech/vendor/laravel/framework/src/Illuminate/Pipeline/Pipeline.php(219): Illuminate\\Http\\Middleware\\TrustProxies->handle()
#37 /home/zh-innovation-api-zenchef/htdocs/api.zenchef.zh-innovation.tech/vendor/laravel/framework/src/Illuminate/Foundation/Http/Middleware/InvokeDeferredCallbacks.php(22): Illuminate\\Pipeline\\Pipeline->{closure:{closure:Illuminate\\Pipeline\\Pipeline::carry():194}:195}()
#38 /home/zh-innovation-api-zenchef/htdocs/api.zenchef.zh-innovation.tech/vendor/laravel/framework/src/Illuminate/Pipeline/Pipeline.php(219): Illuminate\\Foundation\\Http\\Middleware\\InvokeDeferredCallbacks->handle()
#39 /home/zh-innovation-api-zenchef/htdocs/api.zenchef.zh-innovation.tech/vendor/laravel/framework/src/Illuminate/Http/Middleware/ValidatePathEncoding.php(28): Illuminate\\Pipeline\\Pipeline->{closure:{closure:Illuminate\\Pipeline\\Pipeline::carry():194}:195}()
#40 /home/zh-innovation-api-zenchef/htdocs/api.zenchef.zh-innovation.tech/vendor/laravel/framework/src/Illuminate/Pipeline/Pipeline.php(219): Illuminate\\Http\\Middleware\\ValidatePathEncoding->handle()
#41 /home/zh-innovation-api-zenchef/htdocs/api.zenchef.zh-innovation.tech/vendor/laravel/framework/src/Illuminate/Pipeline/Pipeline.php(137): Illuminate\\Pipeline\\Pipeline->{closure:{closure:Illuminate\\Pipeline\\Pipeline::carry():194}:195}()
#42 /home/zh-innovation-api-zenchef/htdocs/api.zenchef.zh-innovation.tech/vendor/laravel/framework/src/Illuminate/Foundation/Http/Kernel.php(175): Illuminate\\Pipeline\\Pipeline->then()
#43 /home/zh-innovation-api-zenchef/htdocs/api.zenchef.zh-innovation.tech/vendor/laravel/framework/src/Illuminate/Foundation/Http/Kernel.php(144): Illuminate\\Foundation\\Http\\Kernel->sendRequestThroughRouter()
#44 /home/zh-innovation-api-zenchef/htdocs/api.zenchef.zh-innovation.tech/vendor/laravel/framework/src/Illuminate/Foundation/Application.php(1227): Illuminate\\Foundation\\Http\\Kernel->handle()
#45 /home/zh-innovation-api-zenchef/htdocs/api.zenchef.zh-innovation.tech/public/index.php(20): Illuminate\\Foundation\\Application->handleRequest()
#46 {main}
"} 
[2026-09-14 12:02:38] local.ERROR: SQLSTATE[42S22]: Column not found: 1054 Unknown column 'address' in 'field list' (Connection: mysql, Host: 127.0.0.1, Port: 3306, Database: zenchef, SQL: select `id`, `name_ar`, `name_en`, `address`, `lat`, `lng`, `is_online_paused`, `pause_reason` from `branches` where `is_active` = 1) {"exception":"[object] (Illuminate\\Database\\QueryException(code: 42S22): SQLSTATE[42S22]: Column not found: 1054 Unknown column 'address' in 'field list' (Connection: mysql, Host: 127.0.0.1, Port: 3306, Database: zenchef, SQL: select `id`, `name_ar`, `name_en`, `address`, `lat`, `lng`, `is_online_paused`, `pause_reason` from `branches` where `is_active` = 1) at /home/zh-innovation-api-zenchef/htdocs/api.zenchef.zh-innovation.tech/vendor/laravel/framework/src/Illuminate/Database/Connection.php:857)
[stacktrace]
#0 /home/zh-innovation-api-zenchef/htdocs/api.zenchef.zh-innovation.tech/vendor/laravel/framework/src/Illuminate/Database/Connection.php(813): Illuminate\\Database\\Connection->runQueryCallback()
#1 /home/zh-innovation-api-zenchef/htdocs/api.zenchef.zh-innovation.tech/vendor/laravel/framework/src/Illuminate/Database/Connection.php(426): Illuminate\\Database\\Connection->run()
#2 /home/zh-innovation-api-zenchef/htdocs/api.zenchef.zh-innovation.tech/vendor/laravel/framework/src/Illuminate/Database/Query/Builder.php(3629): Illuminate\\Database\\Connection->select()
#3 /home/zh-innovation-api-zenchef/htdocs/api.zenchef.zh-innovation.tech/vendor/laravel/framework/src/Illuminate/Database/Query/Builder.php(3613): Illuminate\\Database\\Query\\Builder->runSelect()
#4 /home/zh-innovation-api-zenchef/htdocs/api.zenchef.zh-innovation.tech/vendor/laravel/framework/src/Illuminate/Database/Eloquent/Builder.php(931): Illuminate\\Database\\Query\\Builder->get()
#5 /home/zh-innovation-api-zenchef/htdocs/api.zenchef.zh-innovation.tech/vendor/laravel/framework/src/Illuminate/Database/Eloquent/Builder.php(913): Illuminate\\Database\\Eloquent\\Builder->getModels()
#6 /home/zh-innovation-api-zenchef/htdocs/api.zenchef.zh-innovation.tech/app/Http/Controllers/Api/Menu/OnlineMenuController.php(46): Illuminate\\Database\\Eloquent\\Builder->get()
#7 /home/zh-innovation-api-zenchef/htdocs/api.zenchef.zh-innovation.tech/vendor/laravel/framework/src/Illuminate/Routing/ControllerDispatcher.php(46): App\\Http\\Controllers\\Api\\Menu\\OnlineMenuController->index()
#8 /home/zh-innovation-api-zenchef/htdocs/api.zenchef.zh-innovation.tech/vendor/laravel/framework/src/Illuminate/Routing/Route.php(276): Illuminate\\Routing\\ControllerDispatcher->dispatch()
#9 /home/zh-innovation-api-zenchef/htdocs/api.zenchef.zh-innovation.tech/vendor/laravel/framework/src/Illuminate/Routing/Route.php(216): Illuminate\\Routing\\Route->runController()
#10 /home/zh-innovation-api-zenchef/htdocs/api.zenchef.zh-innovation.tech/vendor/laravel/framework/src/Illuminate/Routing/Router.php(822): Illuminate\\Routing\\Route->run()
#11 /home/zh-innovation-api-zenchef/htdocs/api.zenchef.zh-innovation.tech/vendor/laravel/framework/src/Illuminate/Pipeline/Pipeline.php(180): Illuminate\\Routing\\Router->{closure:Illuminate\\Routing\\Router::runRouteWithinStack():821}()
#12 /home/zh-innovation-api-zenchef/htdocs/api.zenchef.zh-innovation.tech/vendor/laravel/framework/src/Illuminate/Routing/Middleware/SubstituteBindings.php(52): Illuminate\\Pipeline\\Pipeline->{closure:Illuminate\\Pipeline\\Pipeline::prepareDestination():178}()
#13 /home/zh-innovation-api-zenchef/htdocs/api.zenchef.zh-innovation.tech/vendor/laravel/framework/src/Illuminate/Pipeline/Pipeline.php(219): Illuminate\\Routing\\Middleware\\SubstituteBindings->handle()
#14 /home/zh-innovation-api-zenchef/htdocs/api.zenchef.zh-innovation.tech/vendor/laravel/framework/src/Illuminate/Pipeline/Pipeline.php(137): Illuminate\\Pipeline\\Pipeline->{closure:{closure:Illuminate\\Pipeline\\Pipeline::carry():194}:195}()
#15 /home/zh-innovation-api-zenchef/htdocs/api.zenchef.zh-innovation.tech/vendor/laravel/framework/src/Illuminate/Routing/Router.php(821): Illuminate\\Pipeline\\Pipeline->then()
#16 /home/zh-innovation-api-zenchef/htdocs/api.zenchef.zh-innovation.tech/vendor/laravel/framework/src/Illuminate/Routing/Router.php(800): Illuminate\\Routing\\Router->runRouteWithinStack()
#17 /home/zh-innovation-api-zenchef/htdocs/api.zenchef.zh-innovation.tech/vendor/laravel/framework/src/Illuminate/Routing/Router.php(764): Illuminate\\Routing\\Router->runRoute()
#18 /home/zh-innovation-api-zenchef/htdocs/api.zenchef.zh-innovation.tech/vendor/laravel/framework/src/Illuminate/Routing/Router.php(753): Illuminate\\Routing\\Router->dispatchToRoute()
#19 /home/zh-innovation-api-zenchef/htdocs/api.zenchef.zh-innovation.tech/vendor/laravel/framework/src/Illuminate/Foundation/Http/Kernel.php(200): Illuminate\\Routing\\Router->dispatch()
#20 /home/zh-innovation-api-zenchef/htdocs/api.zenchef.zh-innovation.tech/vendor/laravel/framework/src/Illuminate/Pipeline/Pipeline.php(180): Illuminate\\Foundation\\Http\\Kernel->{closure:Illuminate\\Foundation\\Http\\Kernel::dispatchToRouter():197}()
#21 /home/zh-innovation-api-zenchef/htdocs/api.zenchef.zh-innovation.tech/vendor/laravel/framework/src/Illuminate/Foundation/Http/Middleware/TransformsRequest.php(21): Illuminate\\Pipeline\\Pipeline->{closure:Illuminate\\Pipeline\\Pipeline::prepareDestination():178}()
#22 /home/zh-innovation-api-zenchef/htdocs/api.zenchef.zh-innovation.tech/vendor/laravel/framework/src/Illuminate/Foundation/Http/Middleware/ConvertEmptyStringsToNull.php(31): Illuminate\\Foundation\\Http\\Middleware\\TransformsRequest->handle()
#23 /home/zh-innovation-api-zenchef/htdocs/api.zenchef.zh-innovation.tech/vendor/laravel/framework/src/Illuminate/Pipeline/Pipeline.php(219): Illuminate\\Foundation\\Http\\Middleware\\ConvertEmptyStringsToNull->handle()
#24 /home/zh-innovation-api-zenchef/htdocs/api.zenchef.zh-innovation.tech/vendor/laravel/framework/src/Illuminate/Foundation/Http/Middleware/TransformsRequest.php(21): Illuminate\\Pipeline\\Pipeline->{closure:{closure:Illuminate\\Pipeline\\Pipeline::carry():194}:195}()
#25 /home/zh-innovation-api-zenchef/htdocs/api.zenchef.zh-innovation.tech/vendor/laravel/framework/src/Illuminate/Foundation/Http/Middleware/TrimStrings.php(51): Illuminate\\Foundation\\Http\\Middleware\\TransformsRequest->handle()
#26 /home/zh-innovation-api-zenchef/htdocs/api.zenchef.zh-innovation.tech/vendor/laravel/framework/src/Illuminate/Pipeline/Pipeline.php(219): Illuminate\\Foundation\\Http\\Middleware\\TrimStrings->handle()
#27 /home/zh-innovation-api-zenchef/htdocs/api.zenchef.zh-innovation.tech/vendor/laravel/framework/src/Illuminate/Http/Middleware/ValidatePostSize.php(27): Illuminate\\Pipeline\\Pipeline->{closure:{closure:Illuminate\\Pipeline\\Pipeline::carry():194}:195}()
#28 /home/zh-innovation-api-zenchef/htdocs/api.zenchef.zh-innovation.tech/vendor/laravel/framework/src/Illuminate/Pipeline/Pipeline.php(219): Illuminate\\Http\\Middleware\\ValidatePostSize->handle()
#29 /home/zh-innovation-api-zenchef/htdocs/api.zenchef.zh-innovation.tech/vendor/laravel/framework/src/Illuminate/Foundation/Http/Middleware/PreventRequestsDuringMaintenance.php(110): Illuminate\\Pipeline\\Pipeline->{closure:{closure:Illuminate\\Pipeline\\Pipeline::carry():194}:195}()
#30 /home/zh-innovation-api-zenchef/htdocs/api.zenchef.zh-innovation.tech/vendor/laravel/framework/src/Illuminate/Pipeline/Pipeline.php(219): Illuminate\\Foundation\\Http\\Middleware\\PreventRequestsDuringMaintenance->handle()
#31 /home/zh-innovation-api-zenchef/htdocs/api.zenchef.zh-innovation.tech/vendor/laravel/framework/src/Illuminate/Http/Middleware/HandleCors.php(74): Illuminate\\Pipeline\\Pipeline->{closure:{closure:Illuminate\\Pipeline\\Pipeline::carry():194}:195}()
#32 /home/zh-innovation-api-zenchef/htdocs/api.zenchef.zh-innovation.tech/vendor/laravel/framework/src/Illuminate/Pipeline/Pipeline.php(219): Illuminate\\Http\\Middleware\\HandleCors->handle()
#33 /home/zh-innovation-api-zenchef/htdocs/api.zenchef.zh-innovation.tech/vendor/laravel/framework/src/Illuminate/Http/Middleware/TrustProxies.php(58): Illuminate\\Pipeline\\Pipeline->{closure:{closure:Illuminate\\Pipeline\\Pipeline::carry():194}:195}()
#34 /home/zh-innovation-api-zenchef/htdocs/api.zenchef.zh-innovation.tech/vendor/laravel/framework/src/Illuminate/Pipeline/Pipeline.php(219): Illuminate\\Http\\Middleware\\TrustProxies->handle()
#35 /home/zh-innovation-api-zenchef/htdocs/api.zenchef.zh-innovation.tech/vendor/laravel/framework/src/Illuminate/Foundation/Http/Middleware/InvokeDeferredCallbacks.php(22): Illuminate\\Pipeline\\Pipeline->{closure:{closure:Illuminate\\Pipeline\\Pipeline::carry():194}:195}()
#36 /home/zh-innovation-api-zenchef/htdocs/api.zenchef.zh-innovation.tech/vendor/laravel/framework/src/Illuminate/Pipeline/Pipeline.php(219): Illuminate\\Foundation\\Http\\Middleware\\InvokeDeferredCallbacks->handle()
#37 /home/zh-innovation-api-zenchef/htdocs/api.zenchef.zh-innovation.tech/vendor/laravel/framework/src/Illuminate/Http/Middleware/ValidatePathEncoding.php(28): Illuminate\\Pipeline\\Pipeline->{closure:{closure:Illuminate\\Pipeline\\Pipeline::carry():194}:195}()
#38 /home/zh-innovation-api-zenchef/htdocs/api.zenchef.zh-innovation.tech/vendor/laravel/framework/src/Illuminate/Pipeline/Pipeline.php(219): Illuminate\\Http\\Middleware\\ValidatePathEncoding->handle()
#39 /home/zh-innovation-api-zenchef/htdocs/api.zenchef.zh-innovation.tech/vendor/laravel/framework/src/Illuminate/Pipeline/Pipeline.php(137): Illuminate\\Pipeline\\Pipeline->{closure:{closure:Illuminate\\Pipeline\\Pipeline::carry():194}:195}()
#40 /home/zh-innovation-api-zenchef/htdocs/api.zenchef.zh-innovation.tech/vendor/laravel/framework/src/Illuminate/Foundation/Http/Kernel.php(175): Illuminate\\Pipeline\\Pipeline->then()
#41 /home/zh-innovation-api-zenchef/htdocs/api.zenchef.zh-innovation.tech/vendor/laravel/framework/src/Illuminate/Foundation/Http/Kernel.php(144): Illuminate\\Foundation\\Http\\Kernel->sendRequestThroughRouter()
#42 /home/zh-innovation-api-zenchef/htdocs/api.zenchef.zh-innovation.tech/vendor/laravel/framework/src/Illuminate/Foundation/Application.php(1227): Illuminate\\Foundation\\Http\\Kernel->handle()
#43 /home/zh-innovation-api-zenchef/htdocs/api.zenchef.zh-innovation.tech/public/index.php(20): Illuminate\\Foundation\\Application->handleRequest()
#44 {main}

[previous exception] [object] (PDOException(code: 42S22): SQLSTATE[42S22]: Column not found: 1054 Unknown column 'address' in 'field list' at /home/zh-innovation-api-zenchef/htdocs/api.zenchef.zh-innovation.tech/vendor/laravel/framework/src/Illuminate/Database/Connection.php:435)
[stacktrace]
#0 /home/zh-innovation-api-zenchef/htdocs/api.zenchef.zh-innovation.tech/vendor/laravel/framework/src/Illuminate/Database/Connection.php(435): PDO->prepare()
#1 /home/zh-innovation-api-zenchef/htdocs/api.zenchef.zh-innovation.tech/vendor/laravel/framework/src/Illuminate/Database/Connection.php(846): Illuminate\\Database\\Connection->{closure:Illuminate\\Database\\Connection::select():426}()
#2 /home/zh-innovation-api-zenchef/htdocs/api.zenchef.zh-innovation.tech/vendor/laravel/framework/src/Illuminate/Database/Connection.php(813): Illuminate\\Database\\Connection->runQueryCallback()
#3 /home/zh-innovation-api-zenchef/htdocs/api.zenchef.zh-innovation.tech/vendor/laravel/framework/src/Illuminate/Database/Connection.php(426): Illuminate\\Database\\Connection->run()
#4 /home/zh-innovation-api-zenchef/htdocs/api.zenchef.zh-innovation.tech/vendor/laravel/framework/src/Illuminate/Database/Query/Builder.php(3629): Illuminate\\Database\\Connection->select()
#5 /home/zh-innovation-api-zenchef/htdocs/api.zenchef.zh-innovation.tech/vendor/laravel/framework/src/Illuminate/Database/Query/Builder.php(3613): Illuminate\\Database\\Query\\Builder->runSelect()
#6 /home/zh-innovation-api-zenchef/htdocs/api.zenchef.zh-innovation.tech/vendor/laravel/framework/src/Illuminate/Database/Eloquent/Builder.php(931): Illuminate\\Database\\Query\\Builder->get()
#7 /home/zh-innovation-api-zenchef/htdocs/api.zenchef.zh-innovation.tech/vendor/laravel/framework/src/Illuminate/Database/Eloquent/Builder.php(913): Illuminate\\Database\\Eloquent\\Builder->getModels()
#8 /home/zh-innovation-api-zenchef/htdocs/api.zenchef.zh-innovation.tech/app/Http/Controllers/Api/Menu/OnlineMenuController.php(46): Illuminate\\Database\\Eloquent\\Builder->get()
#9 /home/zh-innovation-api-zenchef/htdocs/api.zenchef.zh-innovation.tech/vendor/laravel/framework/src/Illuminate/Routing/ControllerDispatcher.php(46): App\\Http\\Controllers\\Api\\Menu\\OnlineMenuController->index()
#10 /home/zh-innovation-api-zenchef/htdocs/api.zenchef.zh-innovation.tech/vendor/laravel/framework/src/Illuminate/Routing/Route.php(276): Illuminate\\Routing\\ControllerDispatcher->dispatch()
#11 /home/zh-innovation-api-zenchef/htdocs/api.zenchef.zh-innovation.tech/vendor/laravel/framework/src/Illuminate/Routing/Route.php(216): Illuminate\\Routing\\Route->runController()
#12 /home/zh-innovation-api-zenchef/htdocs/api.zenchef.zh-innovation.tech/vendor/laravel/framework/src/Illuminate/Routing/Router.php(822): Illuminate\\Routing\\Route->run()
#13 /home/zh-innovation-api-zenchef/htdocs/api.zenchef.zh-innovation.tech/vendor/laravel/framework/src/Illuminate/Pipeline/Pipeline.php(180): Illuminate\\Routing\\Router->{closure:Illuminate\\Routing\\Router::runRouteWithinStack():821}()
#14 /home/zh-innovation-api-zenchef/htdocs/api.zenchef.zh-innovation.tech/vendor/laravel/framework/src/Illuminate/Routing/Middleware/SubstituteBindings.php(52): Illuminate\\Pipeline\\Pipeline->{closure:Illuminate\\Pipeline\\Pipeline::prepareDestination():178}()
#15 /home/zh-innovation-api-zenchef/htdocs/api.zenchef.zh-innovation.tech/vendor/laravel/framework/src/Illuminate/Pipeline/Pipeline.php(219): Illuminate\\Routing\\Middleware\\SubstituteBindings->handle()
#16 /home/zh-innovation-api-zenchef/htdocs/api.zenchef.zh-innovation.tech/vendor/laravel/framework/src/Illuminate/Pipeline/Pipeline.php(137): Illuminate\\Pipeline\\Pipeline->{closure:{closure:Illuminate\\Pipeline\\Pipeline::carry():194}:195}()
#17 /home/zh-innovation-api-zenchef/htdocs/api.zenchef.zh-innovation.tech/vendor/laravel/framework/src/Illuminate/Routing/Router.php(821): Illuminate\\Pipeline\\Pipeline->then()
#18 /home/zh-innovation-api-zenchef/htdocs/api.zenchef.zh-innovation.tech/vendor/laravel/framework/src/Illuminate/Routing/Router.php(800): Illuminate\\Routing\\Router->runRouteWithinStack()
#19 /home/zh-innovation-api-zenchef/htdocs/api.zenchef.zh-innovation.tech/vendor/laravel/framework/src/Illuminate/Routing/Router.php(764): Illuminate\\Routing\\Router->runRoute()
#20 /home/zh-innovation-api-zenchef/htdocs/api.zenchef.zh-innovation.tech/vendor/laravel/framework/src/Illuminate/Routing/Router.php(753): Illuminate\\Routing\\Router->dispatchToRoute()
#21 /home/zh-innovation-api-zenchef/htdocs/api.zenchef.zh-innovation.tech/vendor/laravel/framework/src/Illuminate/Foundation/Http/Kernel.php(200): Illuminate\\Routing\\Router->dispatch()
#22 /home/zh-innovation-api-zenchef/htdocs/api.zenchef.zh-innovation.tech/vendor/laravel/framework/src/Illuminate/Pipeline/Pipeline.php(180): Illuminate\\Foundation\\Http\\Kernel->{closure:Illuminate\\Foundation\\Http\\Kernel::dispatchToRouter():197}()
#23 /home/zh-innovation-api-zenchef/htdocs/api.zenchef.zh-innovation.tech/vendor/laravel/framework/src/Illuminate/Foundation/Http/Middleware/TransformsRequest.php(21): Illuminate\\Pipeline\\Pipeline->{closure:Illuminate\\Pipeline\\Pipeline::prepareDestination():178}()
#24 /home/zh-innovation-api-zenchef/htdocs/api.zenchef.zh-innovation.tech/vendor/laravel/framework/src/Illuminate/Foundation/Http/Middleware/ConvertEmptyStringsToNull.php(31): Illuminate\\Foundation\\Http\\Middleware\\TransformsRequest->handle()
#25 /home/zh-innovation-api-zenchef/htdocs/api.zenchef.zh-innovation.tech/vendor/laravel/framework/src/Illuminate/Pipeline/Pipeline.php(219): Illuminate\\Foundation\\Http\\Middleware\\ConvertEmptyStringsToNull->handle()
#26 /home/zh-innovation-api-zenchef/htdocs/api.zenchef.zh-innovation.tech/vendor/laravel/framework/src/Illuminate/Foundation/Http/Middleware/TransformsRequest.php(21): Illuminate\\Pipeline\\Pipeline->{closure:{closure:Illuminate\\Pipeline\\Pipeline::carry():194}:195}()
#27 /home/zh-innovation-api-zenchef/htdocs/api.zenchef.zh-innovation.tech/vendor/laravel/framework/src/Illuminate/Foundation/Http/Middleware/TrimStrings.php(51): Illuminate\\Foundation\\Http\\Middleware\\TransformsRequest->handle()
#28 /home/zh-innovation-api-zenchef/htdocs/api.zenchef.zh-innovation.tech/vendor/laravel/framework/src/Illuminate/Pipeline/Pipeline.php(219): Illuminate\\Foundation\\Http\\Middleware\\TrimStrings->handle()
#29 /home/zh-innovation-api-zenchef/htdocs/api.zenchef.zh-innovation.tech/vendor/laravel/framework/src/Illuminate/Http/Middleware/ValidatePostSize.php(27): Illuminate\\Pipeline\\Pipeline->{closure:{closure:Illuminate\\Pipeline\\Pipeline::carry():194}:195}()
#30 /home/zh-innovation-api-zenchef/htdocs/api.zenchef.zh-innovation.tech/vendor/laravel/framework/src/Illuminate/Pipeline/Pipeline.php(219): Illuminate\\Http\\Middleware\\ValidatePostSize->handle()
#31 /home/zh-innovation-api-zenchef/htdocs/api.zenchef.zh-innovation.tech/vendor/laravel/framework/src/Illuminate/Foundation/Http/Middleware/PreventRequestsDuringMaintenance.php(110): Illuminate\\Pipeline\\Pipeline->{closure:{closure:Illuminate\\Pipeline\\Pipeline::carry():194}:195}()
#32 /home/zh-innovation-api-zenchef/htdocs/api.zenchef.zh-innovation.tech/vendor/laravel/framework/src/Illuminate/Pipeline/Pipeline.php(219): Illuminate\\Foundation\\Http\\Middleware\\PreventRequestsDuringMaintenance->handle()
#33 /home/zh-innovation-api-zenchef/htdocs/api.zenchef.zh-innovation.tech/vendor/laravel/framework/src/Illuminate/Http/Middleware/HandleCors.php(74): Illuminate\\Pipeline\\Pipeline->{closure:{closure:Illuminate\\Pipeline\\Pipeline::carry():194}:195}()
#34 /home/zh-innovation-api-zenchef/htdocs/api.zenchef.zh-innovation.tech/vendor/laravel/framework/src/Illuminate/Pipeline/Pipeline.php(219): Illuminate\\Http\\Middleware\\HandleCors->handle()
#35 /home/zh-innovation-api-zenchef/htdocs/api.zenchef.zh-innovation.tech/vendor/laravel/framework/src/Illuminate/Http/Middleware/TrustProxies.php(58): Illuminate\\Pipeline\\Pipeline->{closure:{closure:Illuminate\\Pipeline\\Pipeline::carry():194}:195}()
#36 /home/zh-innovation-api-zenchef/htdocs/api.zenchef.zh-innovation.tech/vendor/laravel/framework/src/Illuminate/Pipeline/Pipeline.php(219): Illuminate\\Http\\Middleware\\TrustProxies->handle()
#37 /home/zh-innovation-api-zenchef/htdocs/api.zenchef.zh-innovation.tech/vendor/laravel/framework/src/Illuminate/Foundation/Http/Middleware/InvokeDeferredCallbacks.php(22): Illuminate\\Pipeline\\Pipeline->{closure:{closure:Illuminate\\Pipeline\\Pipeline::carry():194}:195}()
#38 /home/zh-innovation-api-zenchef/htdocs/api.zenchef.zh-innovation.tech/vendor/laravel/framework/src/Illuminate/Pipeline/Pipeline.php(219): Illuminate\\Foundation\\Http\\Middleware\\InvokeDeferredCallbacks->handle()
#39 /home/zh-innovation-api-zenchef/htdocs/api.zenchef.zh-innovation.tech/vendor/laravel/framework/src/Illuminate/Http/Middleware/ValidatePathEncoding.php(28): Illuminate\\Pipeline\\Pipeline->{closure:{closure:Illuminate\\Pipeline\\Pipeline::carry():194}:195}()
#40 /home/zh-innovation-api-zenchef/htdocs/api.zenchef.zh-innovation.tech/vendor/laravel/framework/src/Illuminate/Pipeline/Pipeline.php(219): Illuminate\\Http\\Middleware\\ValidatePathEncoding->handle()
#41 /home/zh-innovation-api-zenchef/htdocs/api.zenchef.zh-innovation.tech/vendor/laravel/framework/src/Illuminate/Pipeline/Pipeline.php(137): Illuminate\\Pipeline\\Pipeline->{closure:{closure:Illuminate\\Pipeline\\Pipeline::carry():194}:195}()
#42 /home/zh-innovation-api-zenchef/htdocs/api.zenchef.zh-innovation.tech/vendor/laravel/framework/src/Illuminate/Foundation/Http/Kernel.php(175): Illuminate\\Pipeline\\Pipeline->then()
#43 /home/zh-innovation-api-zenchef/htdocs/api.zenchef.zh-innovation.tech/vendor/laravel/framework/src/Illuminate/Foundation/Http/Kernel.php(144): Illuminate\\Foundation\\Http\\Kernel->sendRequestThroughRouter()
#44 /home/zh-innovation-api-zenchef/htdocs/api.zenchef.zh-innovation.tech/vendor/laravel/framework/src/Illuminate/Foundation/Application.php(1227): Illuminate\\Foundation\\Http\\Kernel->handle()
#45 /home/zh-innovation-api-zenchef/htdocs/api.zenchef.zh-innovation.tech/public/index.php(20): Illuminate\\Foundation\\Application->handleRequest()
#46 {main}
"} 
[2026-09-14 12:06:16] local.ERROR: لا يمكن استخدام النقاط المطلوبة: تحقق من الحد الأدنى والرصيد وقيمة الطلب. {"exception":"[object] (App\\Exceptions\\InsufficientLoyaltyPointsException(code: 0): لا يمكن استخدام النقاط المطلوبة: تحقق من الحد الأدنى والرصيد وقيمة الطلب. at /home/zh-innovation-api-zenchef/htdocs/api.zenchef.zh-innovation.tech/app/Services/LoyaltyService.php:57)
[stacktrace]
#0 /home/zh-innovation-api-zenchef/htdocs/api.zenchef.zh-innovation.tech/vendor/laravel/framework/src/Illuminate/Database/Concerns/ManagesTransactions.php(35): App\\Services\\LoyaltyService->{closure:App\\Services\\LoyaltyService::redeemPoints():50}()
#1 /home/zh-innovation-api-zenchef/htdocs/api.zenchef.zh-innovation.tech/vendor/laravel/framework/src/Illuminate/Database/DatabaseManager.php(502): Illuminate\\Database\\Connection->transaction()
#2 /home/zh-innovation-api-zenchef/htdocs/api.zenchef.zh-innovation.tech/vendor/laravel/framework/src/Illuminate/Support/Facades/Facade.php(364): Illuminate\\Database\\DatabaseManager->__call()
#3 /home/zh-innovation-api-zenchef/htdocs/api.zenchef.zh-innovation.tech/app/Services/LoyaltyService.php(50): Illuminate\\Support\\Facades\\Facade::__callStatic()
#4 /home/zh-innovation-api-zenchef/htdocs/api.zenchef.zh-innovation.tech/app/Services/OrderService.php(167): App\\Services\\LoyaltyService->redeemPoints()
#5 /home/zh-innovation-api-zenchef/htdocs/api.zenchef.zh-innovation.tech/vendor/laravel/framework/src/Illuminate/Database/Concerns/ManagesTransactions.php(35): App\\Services\\OrderService->{closure:App\\Services\\OrderService::create():131}()
#6 /home/zh-innovation-api-zenchef/htdocs/api.zenchef.zh-innovation.tech/vendor/laravel/framework/src/Illuminate/Database/DatabaseManager.php(502): Illuminate\\Database\\Connection->transaction()
#7 /home/zh-innovation-api-zenchef/htdocs/api.zenchef.zh-innovation.tech/vendor/laravel/framework/src/Illuminate/Support/Facades/Facade.php(364): Illuminate\\Database\\DatabaseManager->__call()
#8 /home/zh-innovation-api-zenchef/htdocs/api.zenchef.zh-innovation.tech/app/Services/OrderService.php(131): Illuminate\\Support\\Facades\\Facade::__callStatic()
#9 /home/zh-innovation-api-zenchef/htdocs/api.zenchef.zh-innovation.tech/app/Services/OrderService.php(32): App\\Services\\OrderService->create()
#10 /home/zh-innovation-api-zenchef/htdocs/api.zenchef.zh-innovation.tech/app/Http/Controllers/Api/Menu/OnlineMenuController.php(112): App\\Services\\OrderService->createOnlineOrder()
#11 /home/zh-innovation-api-zenchef/htdocs/api.zenchef.zh-innovation.tech/vendor/laravel/framework/src/Illuminate/Routing/ControllerDispatcher.php(46): App\\Http\\Controllers\\Api\\Menu\\OnlineMenuController->store()
#12 /home/zh-innovation-api-zenchef/htdocs/api.zenchef.zh-innovation.tech/vendor/laravel/framework/src/Illuminate/Routing/Route.php(276): Illuminate\\Routing\\ControllerDispatcher->dispatch()
#13 /home/zh-innovation-api-zenchef/htdocs/api.zenchef.zh-innovation.tech/vendor/laravel/framework/src/Illuminate/Routing/Route.php(216): Illuminate\\Routing\\Route->runController()
#14 /home/zh-innovation-api-zenchef/htdocs/api.zenchef.zh-innovation.tech/vendor/laravel/framework/src/Illuminate/Routing/Router.php(822): Illuminate\\Routing\\Route->run()
#15 /home/zh-innovation-api-zenchef/htdocs/api.zenchef.zh-innovation.tech/vendor/laravel/framework/src/Illuminate/Pipeline/Pipeline.php(180): Illuminate\\Routing\\Router->{closure:Illuminate\\Routing\\Router::runRouteWithinStack():821}()
#16 /home/zh-innovation-api-zenchef/htdocs/api.zenchef.zh-innovation.tech/vendor/laravel/framework/src/Illuminate/Routing/Middleware/SubstituteBindings.php(52): Illuminate\\Pipeline\\Pipeline->{closure:Illuminate\\Pipeline\\Pipeline::prepareDestination():178}()
#17 /home/zh-innovation-api-zenchef/htdocs/api.zenchef.zh-innovation.tech/vendor/laravel/framework/src/Illuminate/Pipeline/Pipeline.php(219): Illuminate\\Routing\\Middleware\\SubstituteBindings->handle()
#18 /home/zh-innovation-api-zenchef/htdocs/api.zenchef.zh-innovation.tech/vendor/laravel/framework/src/Illuminate/Pipeline/Pipeline.php(137): Illuminate\\Pipeline\\Pipeline->{closure:{closure:Illuminate\\Pipeline\\Pipeline::carry():194}:195}()
#19 /home/zh-innovation-api-zenchef/htdocs/api.zenchef.zh-innovation.tech/vendor/laravel/framework/src/Illuminate/Routing/Router.php(821): Illuminate\\Pipeline\\Pipeline->then()
#20 /home/zh-innovation-api-zenchef/htdocs/api.zenchef.zh-innovation.tech/vendor/laravel/framework/src/Illuminate/Routing/Router.php(800): Illuminate\\Routing\\Router->runRouteWithinStack()
#21 /home/zh-innovation-api-zenchef/htdocs/api.zenchef.zh-innovation.tech/vendor/laravel/framework/src/Illuminate/Routing/Router.php(764): Illuminate\\Routing\\Router->runRoute()
#22 /home/zh-innovation-api-zenchef/htdocs/api.zenchef.zh-innovation.tech/vendor/laravel/framework/src/Illuminate/Routing/Router.php(753): Illuminate\\Routing\\Router->dispatchToRoute()
#23 /home/zh-innovation-api-zenchef/htdocs/api.zenchef.zh-innovation.tech/vendor/laravel/framework/src/Illuminate/Foundation/Http/Kernel.php(200): Illuminate\\Routing\\Router->dispatch()
#24 /home/zh-innovation-api-zenchef/htdocs/api.zenchef.zh-innovation.tech/vendor/laravel/framework/src/Illuminate/Pipeline/Pipeline.php(180): Illuminate\\Foundation\\Http\\Kernel->{closure:Illuminate\\Foundation\\Http\\Kernel::dispatchToRouter():197}()
#25 /home/zh-innovation-api-zenchef/htdocs/api.zenchef.zh-innovation.tech/vendor/laravel/framework/src/Illuminate/Foundation/Http/Middleware/TransformsRequest.php(21): Illuminate\\Pipeline\\Pipeline->{closure:Illuminate\\Pipeline\\Pipeline::prepareDestination():178}()
#26 /home/zh-innovation-api-zenchef/htdocs/api.zenchef.zh-innovation.tech/vendor/laravel/framework/src/Illuminate/Foundation/Http/Middleware/ConvertEmptyStringsToNull.php(31): Illuminate\\Foundation\\Http\\Middleware\\TransformsRequest->handle()
#27 /home/zh-innovation-api-zenchef/htdocs/api.zenchef.zh-innovation.tech/vendor/laravel/framework/src/Illuminate/Pipeline/Pipeline.php(219): Illuminate\\Foundation\\Http\\Middleware\\ConvertEmptyStringsToNull->handle()
#28 /home/zh-innovation-api-zenchef/htdocs/api.zenchef.zh-innovation.tech/vendor/laravel/framework/src/Illuminate/Foundation/Http/Middleware/TransformsRequest.php(21): Illuminate\\Pipeline\\Pipeline->{closure:{closure:Illuminate\\Pipeline\\Pipeline::carry():194}:195}()
#29 /home/zh-innovation-api-zenchef/htdocs/api.zenchef.zh-innovation.tech/vendor/laravel/framework/src/Illuminate/Foundation/Http/Middleware/TrimStrings.php(51): Illuminate\\Foundation\\Http\\Middleware\\TransformsRequest->handle()
#30 /home/zh-innovation-api-zenchef/htdocs/api.zenchef.zh-innovation.tech/vendor/laravel/framework/src/Illuminate/Pipeline/Pipeline.php(219): Illuminate\\Foundation\\Http\\Middleware\\TrimStrings->handle()
#31 /home/zh-innovation-api-zenchef/htdocs/api.zenchef.zh-innovation.tech/vendor/laravel/framework/src/Illuminate/Http/Middleware/ValidatePostSize.php(27): Illuminate\\Pipeline\\Pipeline->{closure:{closure:Illuminate\\Pipeline\\Pipeline::carry():194}:195}()
#32 /home/zh-innovation-api-zenchef/htdocs/api.zenchef.zh-innovation.tech/vendor/laravel/framework/src/Illuminate/Pipeline/Pipeline.php(219): Illuminate\\Http\\Middleware\\ValidatePostSize->handle()
#33 /home/zh-innovation-api-zenchef/htdocs/api.zenchef.zh-innovation.tech/vendor/laravel/framework/src/Illuminate/Foundation/Http/Middleware/PreventRequestsDuringMaintenance.php(110): Illuminate\\Pipeline\\Pipeline->{closure:{closure:Illuminate\\Pipeline\\Pipeline::carry():194}:195}()
#34 /home/zh-innovation-api-zenchef/htdocs/api.zenchef.zh-innovation.tech/vendor/laravel/framework/src/Illuminate/Pipeline/Pipeline.php(219): Illuminate\\Foundation\\Http\\Middleware\\PreventRequestsDuringMaintenance->handle()
#35 /home/zh-innovation-api-zenchef/htdocs/api.zenchef.zh-innovation.tech/vendor/laravel/framework/src/Illuminate/Http/Middleware/HandleCors.php(74): Illuminate\\Pipeline\\Pipeline->{closure:{closure:Illuminate\\Pipeline\\Pipeline::carry():194}:195}()
#36 /home/zh-innovation-api-zenchef/htdocs/api.zenchef.zh-innovation.tech/vendor/laravel/framework/src/Illuminate/Pipeline/Pipeline.php(219): Illuminate\\Http\\Middleware\\HandleCors->handle()
#37 /home/zh-innovation-api-zenchef/htdocs/api.zenchef.zh-innovation.tech/vendor/laravel/framework/src/Illuminate/Http/Middleware/TrustProxies.php(58): Illuminate\\Pipeline\\Pipeline->{closure:{closure:Illuminate\\Pipeline\\Pipeline::carry():194}:195}()
#38 /home/zh-innovation-api-zenchef/htdocs/api.zenchef.zh-innovation.tech/vendor/laravel/framework/src/Illuminate/Pipeline/Pipeline.php(219): Illuminate\\Http\\Middleware\\TrustProxies->handle()
#39 /home/zh-innovation-api-zenchef/htdocs/api.zenchef.zh-innovation.tech/vendor/laravel/framework/src/Illuminate/Foundation/Http/Middleware/InvokeDeferredCallbacks.php(22): Illuminate\\Pipeline\\Pipeline->{closure:{closure:Illuminate\\Pipeline\\Pipeline::carry():194}:195}()
#40 /home/zh-innovation-api-zenchef/htdocs/api.zenchef.zh-innovation.tech/vendor/laravel/framework/src/Illuminate/Pipeline/Pipeline.php(219): Illuminate\\Foundation\\Http\\Middleware\\InvokeDeferredCallbacks->handle()
#41 /home/zh-innovation-api-zenchef/htdocs/api.zenchef.zh-innovation.tech/vendor/laravel/framework/src/Illuminate/Http/Middleware/ValidatePathEncoding.php(28): Illuminate\\Pipeline\\Pipeline->{closure:{closure:Illuminate\\Pipeline\\Pipeline::carry():194}:195}()
#42 /home/zh-innovation-api-zenchef/htdocs/api.zenchef.zh-innovation.tech/vendor/laravel/framework/src/Illuminate/Pipeline/Pipeline.php(219): Illuminate\\Http\\Middleware\\ValidatePathEncoding->handle()
#43 /home/zh-innovation-api-zenchef/htdocs/api.zenchef.zh-innovation.tech/vendor/laravel/framework/src/Illuminate/Pipeline/Pipeline.php(137): Illuminate\\Pipeline\\Pipeline->{closure:{closure:Illuminate\\Pipeline\\Pipeline::carry():194}:195}()
#44 /home/zh-innovation-api-zenchef/htdocs/api.zenchef.zh-innovation.tech/vendor/laravel/framework/src/Illuminate/Foundation/Http/Kernel.php(175): Illuminate\\Pipeline\\Pipeline->then()
#45 /home/zh-innovation-api-zenchef/htdocs/api.zenchef.zh-innovation.tech/vendor/laravel/framework/src/Illuminate/Foundation/Http/Kernel.php(144): Illuminate\\Foundation\\Http\\Kernel->sendRequestThroughRouter()
#46 /home/zh-innovation-api-zenchef/htdocs/api.zenchef.zh-innovation.tech/vendor/laravel/framework/src/Illuminate/Foundation/Application.php(1227): Illuminate\\Foundation\\Http\\Kernel->handle()
#47 /home/zh-innovation-api-zenchef/htdocs/api.zenchef.zh-innovation.tech/public/index.php(20): Illuminate\\Foundation\\Application->handleRequest()
#48 {main}
"} 
[2026-09-14 12:09:01] local.ERROR: لا يمكن استخدام النقاط المطلوبة: تحقق من الحد الأدنى والرصيد وقيمة الطلب. {"exception":"[object] (App\\Exceptions\\InsufficientLoyaltyPointsException(code: 0): لا يمكن استخدام النقاط المطلوبة: تحقق من الحد الأدنى والرصيد وقيمة الطلب. at /home/zh-innovation-api-zenchef/htdocs/api.zenchef.zh-innovation.tech/app/Services/LoyaltyService.php:57)
[stacktrace]
#0 /home/zh-innovation-api-zenchef/htdocs/api.zenchef.zh-innovation.tech/vendor/laravel/framework/src/Illuminate/Database/Concerns/ManagesTransactions.php(35): App\\Services\\LoyaltyService->{closure:App\\Services\\LoyaltyService::redeemPoints():50}()
#1 /home/zh-innovation-api-zenchef/htdocs/api.zenchef.zh-innovation.tech/vendor/laravel/framework/src/Illuminate/Database/DatabaseManager.php(502): Illuminate\\Database\\Connection->transaction()
#2 /home/zh-innovation-api-zenchef/htdocs/api.zenchef.zh-innovation.tech/vendor/laravel/framework/src/Illuminate/Support/Facades/Facade.php(364): Illuminate\\Database\\DatabaseManager->__call()
#3 /home/zh-innovation-api-zenchef/htdocs/api.zenchef.zh-innovation.tech/app/Services/LoyaltyService.php(50): Illuminate\\Support\\Facades\\Facade::__callStatic()
#4 /home/zh-innovation-api-zenchef/htdocs/api.zenchef.zh-innovation.tech/app/Services/OrderService.php(167): App\\Services\\LoyaltyService->redeemPoints()
#5 /home/zh-innovation-api-zenchef/htdocs/api.zenchef.zh-innovation.tech/vendor/laravel/framework/src/Illuminate/Database/Concerns/ManagesTransactions.php(35): App\\Services\\OrderService->{closure:App\\Services\\OrderService::create():131}()
#6 /home/zh-innovation-api-zenchef/htdocs/api.zenchef.zh-innovation.tech/vendor/laravel/framework/src/Illuminate/Database/DatabaseManager.php(502): Illuminate\\Database\\Connection->transaction()
#7 /home/zh-innovation-api-zenchef/htdocs/api.zenchef.zh-innovation.tech/vendor/laravel/framework/src/Illuminate/Support/Facades/Facade.php(364): Illuminate\\Database\\DatabaseManager->__call()
#8 /home/zh-innovation-api-zenchef/htdocs/api.zenchef.zh-innovation.tech/app/Services/OrderService.php(131): Illuminate\\Support\\Facades\\Facade::__callStatic()
#9 /home/zh-innovation-api-zenchef/htdocs/api.zenchef.zh-innovation.tech/app/Services/OrderService.php(32): App\\Services\\OrderService->create()
#10 /home/zh-innovation-api-zenchef/htdocs/api.zenchef.zh-innovation.tech/app/Http/Controllers/Api/Menu/OnlineMenuController.php(112): App\\Services\\OrderService->createOnlineOrder()
#11 /home/zh-innovation-api-zenchef/htdocs/api.zenchef.zh-innovation.tech/vendor/laravel/framework/src/Illuminate/Routing/ControllerDispatcher.php(46): App\\Http\\Controllers\\Api\\Menu\\OnlineMenuController->store()
#12 /home/zh-innovation-api-zenchef/htdocs/api.zenchef.zh-innovation.tech/vendor/laravel/framework/src/Illuminate/Routing/Route.php(276): Illuminate\\Routing\\ControllerDispatcher->dispatch()
#13 /home/zh-innovation-api-zenchef/htdocs/api.zenchef.zh-innovation.tech/vendor/laravel/framework/src/Illuminate/Routing/Route.php(216): Illuminate\\Routing\\Route->runController()
#14 /home/zh-innovation-api-zenchef/htdocs/api.zenchef.zh-innovation.tech/vendor/laravel/framework/src/Illuminate/Routing/Router.php(822): Illuminate\\Routing\\Route->run()
#15 /home/zh-innovation-api-zenchef/htdocs/api.zenchef.zh-innovation.tech/vendor/laravel/framework/src/Illuminate/Pipeline/Pipeline.php(180): Illuminate\\Routing\\Router->{closure:Illuminate\\Routing\\Router::runRouteWithinStack():821}()
#16 /home/zh-innovation-api-zenchef/htdocs/api.zenchef.zh-innovation.tech/vendor/laravel/framework/src/Illuminate/Routing/Middleware/SubstituteBindings.php(52): Illuminate\\Pipeline\\Pipeline->{closure:Illuminate\\Pipeline\\Pipeline::prepareDestination():178}()
#17 /home/zh-innovation-api-zenchef/htdocs/api.zenchef.zh-innovation.tech/vendor/laravel/framework/src/Illuminate/Pipeline/Pipeline.php(219): Illuminate\\Routing\\Middleware\\SubstituteBindings->handle()
#18 /home/zh-innovation-api-zenchef/htdocs/api.zenchef.zh-innovation.tech/vendor/laravel/framework/src/Illuminate/Pipeline/Pipeline.php(137): Illuminate\\Pipeline\\Pipeline->{closure:{closure:Illuminate\\Pipeline\\Pipeline::carry():194}:195}()
#19 /home/zh-innovation-api-zenchef/htdocs/api.zenchef.zh-innovation.tech/vendor/laravel/framework/src/Illuminate/Routing/Router.php(821): Illuminate\\Pipeline\\Pipeline->then()
#20 /home/zh-innovation-api-zenchef/htdocs/api.zenchef.zh-innovation.tech/vendor/laravel/framework/src/Illuminate/Routing/Router.php(800): Illuminate\\Routing\\Router->runRouteWithinStack()
#21 /home/zh-innovation-api-zenchef/htdocs/api.zenchef.zh-innovation.tech/vendor/laravel/framework/src/Illuminate/Routing/Router.php(764): Illuminate\\Routing\\Router->runRoute()
#22 /home/zh-innovation-api-zenchef/htdocs/api.zenchef.zh-innovation.tech/vendor/laravel/framework/src/Illuminate/Routing/Router.php(753): Illuminate\\Routing\\Router->dispatchToRoute()
#23 /home/zh-innovation-api-zenchef/htdocs/api.zenchef.zh-innovation.tech/vendor/laravel/framework/src/Illuminate/Foundation/Http/Kernel.php(200): Illuminate\\Routing\\Router->dispatch()
#24 /home/zh-innovation-api-zenchef/htdocs/api.zenchef.zh-innovation.tech/vendor/laravel/framework/src/Illuminate/Pipeline/Pipeline.php(180): Illuminate\\Foundation\\Http\\Kernel->{closure:Illuminate\\Foundation\\Http\\Kernel::dispatchToRouter():197}()
#25 /home/zh-innovation-api-zenchef/htdocs/api.zenchef.zh-innovation.tech/vendor/laravel/framework/src/Illuminate/Foundation/Http/Middleware/TransformsRequest.php(21): Illuminate\\Pipeline\\Pipeline->{closure:Illuminate\\Pipeline\\Pipeline::prepareDestination():178}()
#26 /home/zh-innovation-api-zenchef/htdocs/api.zenchef.zh-innovation.tech/vendor/laravel/framework/src/Illuminate/Foundation/Http/Middleware/ConvertEmptyStringsToNull.php(31): Illuminate\\Foundation\\Http\\Middleware\\TransformsRequest->handle()
#27 /home/zh-innovation-api-zenchef/htdocs/api.zenchef.zh-innovation.tech/vendor/laravel/framework/src/Illuminate/Pipeline/Pipeline.php(219): Illuminate\\Foundation\\Http\\Middleware\\ConvertEmptyStringsToNull->handle()
#28 /home/zh-innovation-api-zenchef/htdocs/api.zenchef.zh-innovation.tech/vendor/laravel/framework/src/Illuminate/Foundation/Http/Middleware/TransformsRequest.php(21): Illuminate\\Pipeline\\Pipeline->{closure:{closure:Illuminate\\Pipeline\\Pipeline::carry():194}:195}()
#29 /home/zh-innovation-api-zenchef/htdocs/api.zenchef.zh-innovation.tech/vendor/laravel/framework/src/Illuminate/Foundation/Http/Middleware/TrimStrings.php(51): Illuminate\\Foundation\\Http\\Middleware\\TransformsRequest->handle()
#30 /home/zh-innovation-api-zenchef/htdocs/api.zenchef.zh-innovation.tech/vendor/laravel/framework/src/Illuminate/Pipeline/Pipeline.php(219): Illuminate\\Foundation\\Http\\Middleware\\TrimStrings->handle()
#31 /home/zh-innovation-api-zenchef/htdocs/api.zenchef.zh-innovation.tech/vendor/laravel/framework/src/Illuminate/Http/Middleware/ValidatePostSize.php(27): Illuminate\\Pipeline\\Pipeline->{closure:{closure:Illuminate\\Pipeline\\Pipeline::carry():194}:195}()
#32 /home/zh-innovation-api-zenchef/htdocs/api.zenchef.zh-innovation.tech/vendor/laravel/framework/src/Illuminate/Pipeline/Pipeline.php(219): Illuminate\\Http\\Middleware\\ValidatePostSize->handle()
#33 /home/zh-innovation-api-zenchef/htdocs/api.zenchef.zh-innovation.tech/vendor/laravel/framework/src/Illuminate/Foundation/Http/Middleware/PreventRequestsDuringMaintenance.php(110): Illuminate\\Pipeline\\Pipeline->{closure:{closure:Illuminate\\Pipeline\\Pipeline::carry():194}:195}()
#34 /home/zh-innovation-api-zenchef/htdocs/api.zenchef.zh-innovation.tech/vendor/laravel/framework/src/Illuminate/Pipeline/Pipeline.php(219): Illuminate\\Foundation\\Http\\Middleware\\PreventRequestsDuringMaintenance->handle()
#35 /home/zh-innovation-api-zenchef/htdocs/api.zenchef.zh-innovation.tech/vendor/laravel/framework/src/Illuminate/Http/Middleware/HandleCors.php(74): Illuminate\\Pipeline\\Pipeline->{closure:{closure:Illuminate\\Pipeline\\Pipeline::carry():194}:195}()
#36 /home/zh-innovation-api-zenchef/htdocs/api.zenchef.zh-innovation.tech/vendor/laravel/framework/src/Illuminate/Pipeline/Pipeline.php(219): Illuminate\\Http\\Middleware\\HandleCors->handle()
#37 /home/zh-innovation-api-zenchef/htdocs/api.zenchef.zh-innovation.tech/vendor/laravel/framework/src/Illuminate/Http/Middleware/TrustProxies.php(58): Illuminate\\Pipeline\\Pipeline->{closure:{closure:Illuminate\\Pipeline\\Pipeline::carry():194}:195}()
#38 /home/zh-innovation-api-zenchef/htdocs/api.zenchef.zh-innovation.tech/vendor/laravel/framework/src/Illuminate/Pipeline/Pipeline.php(219): Illuminate\\Http\\Middleware\\TrustProxies->handle()
#39 /home/zh-innovation-api-zenchef/htdocs/api.zenchef.zh-innovation.tech/vendor/laravel/framework/src/Illuminate/Foundation/Http/Middleware/InvokeDeferredCallbacks.php(22): Illuminate\\Pipeline\\Pipeline->{closure:{closure:Illuminate\\Pipeline\\Pipeline::carry():194}:195}()
#40 /home/zh-innovation-api-zenchef/htdocs/api.zenchef.zh-innovation.tech/vendor/laravel/framework/src/Illuminate/Pipeline/Pipeline.php(219): Illuminate\\Foundation\\Http\\Middleware\\InvokeDeferredCallbacks->handle()
#41 /home/zh-innovation-api-zenchef/htdocs/api.zenchef.zh-innovation.tech/vendor/laravel/framework/src/Illuminate/Http/Middleware/ValidatePathEncoding.php(28): Illuminate\\Pipeline\\Pipeline->{closure:{closure:Illuminate\\Pipeline\\Pipeline::carry():194}:195}()
#42 /home/zh-innovation-api-zenchef/htdocs/api.zenchef.zh-innovation.tech/vendor/laravel/framework/src/Illuminate/Pipeline/Pipeline.php(219): Illuminate\\Http\\Middleware\\ValidatePathEncoding->handle()
#43 /home/zh-innovation-api-zenchef/htdocs/api.zenchef.zh-innovation.tech/vendor/laravel/framework/src/Illuminate/Pipeline/Pipeline.php(137): Illuminate\\Pipeline\\Pipeline->{closure:{closure:Illuminate\\Pipeline\\Pipeline::carry():194}:195}()
#44 /home/zh-innovation-api-zenchef/htdocs/api.zenchef.zh-innovation.tech/vendor/laravel/framework/src/Illuminate/Foundation/Http/Kernel.php(175): Illuminate\\Pipeline\\Pipeline->then()
#45 /home/zh-innovation-api-zenchef/htdocs/api.zenchef.zh-innovation.tech/vendor/laravel/framework/src/Illuminate/Foundation/Http/Kernel.php(144): Illuminate\\Foundation\\Http\\Kernel->sendRequestThroughRouter()
#46 /home/zh-innovation-api-zenchef/htdocs/api.zenchef.zh-innovation.tech/vendor/laravel/framework/src/Illuminate/Foundation/Application.php(1227): Illuminate\\Foundation\\Http\\Kernel->handle()
#47 /home/zh-innovation-api-zenchef/htdocs/api.zenchef.zh-innovation.tech/public/index.php(20): Illuminate\\Foundation\\Application->handleRequest()
#48 {main}
"} 
[2026-09-14 12:10:14] local.ERROR: لا يمكن استخدام النقاط المطلوبة: تحقق من الحد الأدنى والرصيد وقيمة الطلب. {"exception":"[object] (App\\Exceptions\\InsufficientLoyaltyPointsException(code: 0): لا يمكن استخدام النقاط المطلوبة: تحقق من الحد الأدنى والرصيد وقيمة الطلب. at /home/zh-innovation-api-zenchef/htdocs/api.zenchef.zh-innovation.tech/app/Services/LoyaltyService.php:57)
[stacktrace]
#0 /home/zh-innovation-api-zenchef/htdocs/api.zenchef.zh-innovation.tech/vendor/laravel/framework/src/Illuminate/Database/Concerns/ManagesTransactions.php(35): App\\Services\\LoyaltyService->{closure:App\\Services\\LoyaltyService::redeemPoints():50}()
#1 /home/zh-innovation-api-zenchef/htdocs/api.zenchef.zh-innovation.tech/vendor/laravel/framework/src/Illuminate/Database/DatabaseManager.php(502): Illuminate\\Database\\Connection->transaction()
#2 /home/zh-innovation-api-zenchef/htdocs/api.zenchef.zh-innovation.tech/vendor/laravel/framework/src/Illuminate/Support/Facades/Facade.php(364): Illuminate\\Database\\DatabaseManager->__call()
#3 /home/zh-innovation-api-zenchef/htdocs/api.zenchef.zh-innovation.tech/app/Services/LoyaltyService.php(50): Illuminate\\Support\\Facades\\Facade::__callStatic()
#4 /home/zh-innovation-api-zenchef/htdocs/api.zenchef.zh-innovation.tech/app/Services/OrderService.php(167): App\\Services\\LoyaltyService->redeemPoints()
#5 /home/zh-innovation-api-zenchef/htdocs/api.zenchef.zh-innovation.tech/vendor/laravel/framework/src/Illuminate/Database/Concerns/ManagesTransactions.php(35): App\\Services\\OrderService->{closure:App\\Services\\OrderService::create():131}()
#6 /home/zh-innovation-api-zenchef/htdocs/api.zenchef.zh-innovation.tech/vendor/laravel/framework/src/Illuminate/Database/DatabaseManager.php(502): Illuminate\\Database\\Connection->transaction()
#7 /home/zh-innovation-api-zenchef/htdocs/api.zenchef.zh-innovation.tech/vendor/laravel/framework/src/Illuminate/Support/Facades/Facade.php(364): Illuminate\\Database\\DatabaseManager->__call()
#8 /home/zh-innovation-api-zenchef/htdocs/api.zenchef.zh-innovation.tech/app/Services/OrderService.php(131): Illuminate\\Support\\Facades\\Facade::__callStatic()
#9 /home/zh-innovation-api-zenchef/htdocs/api.zenchef.zh-innovation.tech/app/Services/OrderService.php(32): App\\Services\\OrderService->create()
#10 /home/zh-innovation-api-zenchef/htdocs/api.zenchef.zh-innovation.tech/app/Http/Controllers/Api/Menu/OnlineMenuController.php(112): App\\Services\\OrderService->createOnlineOrder()
#11 /home/zh-innovation-api-zenchef/htdocs/api.zenchef.zh-innovation.tech/vendor/laravel/framework/src/Illuminate/Routing/ControllerDispatcher.php(46): App\\Http\\Controllers\\Api\\Menu\\OnlineMenuController->store()
#12 /home/zh-innovation-api-zenchef/htdocs/api.zenchef.zh-innovation.tech/vendor/laravel/framework/src/Illuminate/Routing/Route.php(276): Illuminate\\Routing\\ControllerDispatcher->dispatch()
#13 /home/zh-innovation-api-zenchef/htdocs/api.zenchef.zh-innovation.tech/vendor/laravel/framework/src/Illuminate/Routing/Route.php(216): Illuminate\\Routing\\Route->runController()
#14 /home/zh-innovation-api-zenchef/htdocs/api.zenchef.zh-innovation.tech/vendor/laravel/framework/src/Illuminate/Routing/Router.php(822): Illuminate\\Routing\\Route->run()
#15 /home/zh-innovation-api-zenchef/htdocs/api.zenchef.zh-innovation.tech/vendor/laravel/framework/src/Illuminate/Pipeline/Pipeline.php(180): Illuminate\\Routing\\Router->{closure:Illuminate\\Routing\\Router::runRouteWithinStack():821}()
#16 /home/zh-innovation-api-zenchef/htdocs/api.zenchef.zh-innovation.tech/vendor/laravel/framework/src/Illuminate/Routing/Middleware/SubstituteBindings.php(52): Illuminate\\Pipeline\\Pipeline->{closure:Illuminate\\Pipeline\\Pipeline::prepareDestination():178}()
#17 /home/zh-innovation-api-zenchef/htdocs/api.zenchef.zh-innovation.tech/vendor/laravel/framework/src/Illuminate/Pipeline/Pipeline.php(219): Illuminate\\Routing\\Middleware\\SubstituteBindings->handle()
#18 /home/zh-innovation-api-zenchef/htdocs/api.zenchef.zh-innovation.tech/vendor/laravel/framework/src/Illuminate/Pipeline/Pipeline.php(137): Illuminate\\Pipeline\\Pipeline->{closure:{closure:Illuminate\\Pipeline\\Pipeline::carry():194}:195}()
#19 /home/zh-innovation-api-zenchef/htdocs/api.zenchef.zh-innovation.tech/vendor/laravel/framework/src/Illuminate/Routing/Router.php(821): Illuminate\\Pipeline\\Pipeline->then()
#20 /home/zh-innovation-api-zenchef/htdocs/api.zenchef.zh-innovation.tech/vendor/laravel/framework/src/Illuminate/Routing/Router.php(800): Illuminate\\Routing\\Router->runRouteWithinStack()
#21 /home/zh-innovation-api-zenchef/htdocs/api.zenchef.zh-innovation.tech/vendor/laravel/framework/src/Illuminate/Routing/Router.php(764): Illuminate\\Routing\\Router->runRoute()
#22 /home/zh-innovation-api-zenchef/htdocs/api.zenchef.zh-innovation.tech/vendor/laravel/framework/src/Illuminate/Routing/Router.php(753): Illuminate\\Routing\\Router->dispatchToRoute()
#23 /home/zh-innovation-api-zenchef/htdocs/api.zenchef.zh-innovation.tech/vendor/laravel/framework/src/Illuminate/Foundation/Http/Kernel.php(200): Illuminate\\Routing\\Router->dispatch()
#24 /home/zh-innovation-api-zenchef/htdocs/api.zenchef.zh-innovation.tech/vendor/laravel/framework/src/Illuminate/Pipeline/Pipeline.php(180): Illuminate\\Foundation\\Http\\Kernel->{closure:Illuminate\\Foundation\\Http\\Kernel::dispatchToRouter():197}()
#25 /home/zh-innovation-api-zenchef/htdocs/api.zenchef.zh-innovation.tech/vendor/laravel/framework/src/Illuminate/Foundation/Http/Middleware/TransformsRequest.php(21): Illuminate\\Pipeline\\Pipeline->{closure:Illuminate\\Pipeline\\Pipeline::prepareDestination():178}()
#26 /home/zh-innovation-api-zenchef/htdocs/api.zenchef.zh-innovation.tech/vendor/laravel/framework/src/Illuminate/Foundation/Http/Middleware/ConvertEmptyStringsToNull.php(31): Illuminate\\Foundation\\Http\\Middleware\\TransformsRequest->handle()
#27 /home/zh-innovation-api-zenchef/htdocs/api.zenchef.zh-innovation.tech/vendor/laravel/framework/src/Illuminate/Pipeline/Pipeline.php(219): Illuminate\\Foundation\\Http\\Middleware\\ConvertEmptyStringsToNull->handle()
#28 /home/zh-innovation-api-zenchef/htdocs/api.zenchef.zh-innovation.tech/vendor/laravel/framework/src/Illuminate/Foundation/Http/Middleware/TransformsRequest.php(21): Illuminate\\Pipeline\\Pipeline->{closure:{closure:Illuminate\\Pipeline\\Pipeline::carry():194}:195}()
#29 /home/zh-innovation-api-zenchef/htdocs/api.zenchef.zh-innovation.tech/vendor/laravel/framework/src/Illuminate/Foundation/Http/Middleware/TrimStrings.php(51): Illuminate\\Foundation\\Http\\Middleware\\TransformsRequest->handle()
#30 /home/zh-innovation-api-zenchef/htdocs/api.zenchef.zh-innovation.tech/vendor/laravel/framework/src/Illuminate/Pipeline/Pipeline.php(219): Illuminate\\Foundation\\Http\\Middleware\\TrimStrings->handle()
#31 /home/zh-innovation-api-zenchef/htdocs/api.zenchef.zh-innovation.tech/vendor/laravel/framework/src/Illuminate/Http/Middleware/ValidatePostSize.php(27): Illuminate\\Pipeline\\Pipeline->{closure:{closure:Illuminate\\Pipeline\\Pipeline::carry():194}:195}()
#32 /home/zh-innovation-api-zenchef/htdocs/api.zenchef.zh-innovation.tech/vendor/laravel/framework/src/Illuminate/Pipeline/Pipeline.php(219): Illuminate\\Http\\Middleware\\ValidatePostSize->handle()
#33 /home/zh-innovation-api-zenchef/htdocs/api.zenchef.zh-innovation.tech/vendor/laravel/framework/src/Illuminate/Foundation/Http/Middleware/PreventRequestsDuringMaintenance.php(110): Illuminate\\Pipeline\\Pipeline->{closure:{closure:Illuminate\\Pipeline\\Pipeline::carry():194}:195}()
#34 /home/zh-innovation-api-zenchef/htdocs/api.zenchef.zh-innovation.tech/vendor/laravel/framework/src/Illuminate/Pipeline/Pipeline.php(219): Illuminate\\Foundation\\Http\\Middleware\\PreventRequestsDuringMaintenance->handle()
#35 /home/zh-innovation-api-zenchef/htdocs/api.zenchef.zh-innovation.tech/vendor/laravel/framework/src/Illuminate/Http/Middleware/HandleCors.php(74): Illuminate\\Pipeline\\Pipeline->{closure:{closure:Illuminate\\Pipeline\\Pipeline::carry():194}:195}()
#36 /home/zh-innovation-api-zenchef/htdocs/api.zenchef.zh-innovation.tech/vendor/laravel/framework/src/Illuminate/Pipeline/Pipeline.php(219): Illuminate\\Http\\Middleware\\HandleCors->handle()
#37 /home/zh-innovation-api-zenchef/htdocs/api.zenchef.zh-innovation.tech/vendor/laravel/framework/src/Illuminate/Http/Middleware/TrustProxies.php(58): Illuminate\\Pipeline\\Pipeline->{closure:{closure:Illuminate\\Pipeline\\Pipeline::carry():194}:195}()
#38 /home/zh-innovation-api-zenchef/htdocs/api.zenchef.zh-innovation.tech/vendor/laravel/framework/src/Illuminate/Pipeline/Pipeline.php(219): Illuminate\\Http\\Middleware\\TrustProxies->handle()
#39 /home/zh-innovation-api-zenchef/htdocs/api.zenchef.zh-innovation.tech/vendor/laravel/framework/src/Illuminate/Foundation/Http/Middleware/InvokeDeferredCallbacks.php(22): Illuminate\\Pipeline\\Pipeline->{closure:{closure:Illuminate\\Pipeline\\Pipeline::carry():194}:195}()
#40 /home/zh-innovation-api-zenchef/htdocs/api.zenchef.zh-innovation.tech/vendor/laravel/framework/src/Illuminate/Pipeline/Pipeline.php(219): Illuminate\\Foundation\\Http\\Middleware\\InvokeDeferredCallbacks->handle()
#41 /home/zh-innovation-api-zenchef/htdocs/api.zenchef.zh-innovation.tech/vendor/laravel/framework/src/Illuminate/Http/Middleware/ValidatePathEncoding.php(28): Illuminate\\Pipeline\\Pipeline->{closure:{closure:Illuminate\\Pipeline\\Pipeline::carry():194}:195}()
#42 /home/zh-innovation-api-zenchef/htdocs/api.zenchef.zh-innovation.tech/vendor/laravel/framework/src/Illuminate/Pipeline/Pipeline.php(219): Illuminate\\Http\\Middleware\\ValidatePathEncoding->handle()
#43 /home/zh-innovation-api-zenchef/htdocs/api.zenchef.zh-innovation.tech/vendor/laravel/framework/src/Illuminate/Pipeline/Pipeline.php(137): Illuminate\\Pipeline\\Pipeline->{closure:{closure:Illuminate\\Pipeline\\Pipeline::carry():194}:195}()
#44 /home/zh-innovation-api-zenchef/htdocs/api.zenchef.zh-innovation.tech/vendor/laravel/framework/src/Illuminate/Foundation/Http/Kernel.php(175): Illuminate\\Pipeline\\Pipeline->then()
#45 /home/zh-innovation-api-zenchef/htdocs/api.zenchef.zh-innovation.tech/vendor/laravel/framework/src/Illuminate/Foundation/Http/Kernel.php(144): Illuminate\\Foundation\\Http\\Kernel->sendRequestThroughRouter()
#46 /home/zh-innovation-api-zenchef/htdocs/api.zenchef.zh-innovation.tech/vendor/laravel/framework/src/Illuminate/Foundation/Application.php(1227): Illuminate\\Foundation\\Http\\Kernel->handle()
#47 /home/zh-innovation-api-zenchef/htdocs/api.zenchef.zh-innovation.tech/public/index.php(20): Illuminate\\Foundation\\Application->handleRequest()
#48 {main}
"} 
